track_name|track_uri|danceability|energy|tempo|key|valence
Evening Red|2348FcMLdHj75PZ4hOsqI4|5|9|8|5|1
Raindrops|7d1B203ZmpqWL0pZhnbD5B|5|10|8|7|5
Original Nuttah 25 (feat. IRAH) - Chase & Status Remix|7CiZj5S4E5FVboR0yLVLzc|5|9|5|10|2
Devil's Night|3ARH5hY1AP4ympexo2y3Lz|5|8|8|2|1
Never Say|5qG8gAytdGSbaa067yVhvv|5|8|8|8|1
Where Did You Go|0fzPAlrZUoYK6lpOSOzE6Q|6|9|8|9|1
A Deeper Blue|3LRyhfrFZXqiEdoZDIZvla|6|10|8|10|4
Loop No 1|02G42teKnMwPwDFEKUfdct|9|6|5|0|8
Behind The Reels|1XPh2hWC27Sia7IZFTZkPo|6|9|8|10|3
If I Smiled|7rKNoKsC4wi2Bwbc6lhVzD|6|5|8|11|2
Mozambique (feat. Jaykae & Moonchild Sanelly) - Single Version|0M9jP4EU62RY40mQCxK8AT|6|6|6|5|2
Hydrate|0u5hYCAGKzgHb8YUDG4AGJ|8|6|5|2|1
Dreamweaver|6lELbWT5sVFWJJwA7Bfgya|6|8|8|8|4
Better Perspective|0PVl3xoTnriDSUbamlu9rT|6|10|8|10|3
Teddy's Gate (feat. LaMeduza)|5IfzKJy3VKlCmHjdGN87dj|6|9|8|10|1
Eunoia|1hEEZdKxqfH9xfJ8YukYpO|7|10|8|10|3
Shut Up|0m3BlycE25MlxHlOdesOi4|7|9|8|11|3
Senses|5Q0RbvROKEp7uCJZwTOE7h|6|7|8|1|2
Day 1: Back & Forth|5u0PzppKpWT7LGnDd0KskP|6|10|8|2|7
Sun Goes Down|0Tn9FwyYf8Y3BbKjzD01Yp|7|6|8|11|3
Untitled Needs|5FA3tfPhY3BSKr4vr9OVON|7|8|5|7|6
Cool N Crisp|2QkUKRYvZyNkfRFhpSXA2y|6|10|3|5|5
Midnight on Rainbow Road|53jeGIP3iM5S1wYILdgVmq|5|9|4|5|2
Day 5: Ticker|5QJjFhViz26RwIO3EjsrGu|5|10|6|11|2
Vrieselaan|2I3oHsoh7DL721UHeSWN6v|4|9|6|5|2
Poison Dart|0obrmAmV2GVxzIqcSVsvlD|7|10|7|6|4
Nobody (feat. Stargate)|474FoNvLOHk9ZTAs1Vd3Qu|4|7|6|11|1
Longshanks|07sTBtLTPxpn8WgDOQrO9L|6|9|8|2|1
I Saw Her Kiss Him in Front of Me and I Was Like Wtf?|1IMPC74Kr5PCOmhwdjC22j|8|10|5|10|8
Time for a Change|2aNOkWge7L1IubHjS9dkgL|7|8|5|0|7
Butterflies|5vWy90WX1eyfFUxnKcKSY9|7|10|5|10|6
Thiago Silva|3DKCTIiJ97bS9TGiqcABjo|7|7|6|0|7
Atlas|54TgI46OnNqcf0SyzQyCL6|6|8|6|3|2
These Are Just Places To Me Now|5kAwEqCAJ4yHdHmlAMSczs|8|8|5|0|9
Haze|4v0xLhFpCwzMbkr3Pi4rFF|8|7|6|3|4
Envelopes (Chapter VI) - Edit|3JDsYB8UxGbMQNnNlAeDL0|4|4|2|8|1
Red Velvet|75G7fv2RaXXHhJquge8el4|5|8|8|5|7
Gettin' It Done|0s2HlRZzjWlhmfLdp4rDEy|9|8|5|6|9
O'Neal|4sWJCVOn705QUBCDt81bPB|9|6|5|5|7
Emerald City|0Ti5dBBZUpK0XRb0iabhtI|4|10|8|1|4
Infinitas|3NVuffIbZCOXgRsM4eS0fo|8|10|6|11|7
Sesame|0fgdLj6TQmB6OV2zwaAndB|9|10|6|11|7
Doobies - Original Mix|3LcknqF77tB6aujEAEVjX2|7|5|5|11|2
Providence|3iEycGSA32xeOQnDltNTZk|7|8|8|5|1
About Time|4cpUsHfE4q4Amwkc2OO6xI|5|4|8|5|4
Weed & Rum|7s2ya9MwplKU6zogZYkxVH|9|8|3|11|5
Shudder|3ci50Uo5nIeoS7vRFDolwJ|5|9|8|1|3
One Day At A Time|5UanRSNw6tqDNqczV7SDqT|7|8|8|6|8
Lucid|2T0bSlNbNY8mFy1UbK1tTV|6|9|8|0|4
Blinded|1eCyb7V10a2lqcA49JaHnU|5|10|8|0|1
BMW|0DeCgH8St1bnHVry9gecMp|8|9|6|1|9
she's all i wanna be|0IuVhCflrQPMGRrOyoY5RW|7|7|7|2|7
Glad U Came (feat. ZieZie)|0P88fVbvRQGgRQN1GulQNy|8|6|6|2|7
Bam Bam (feat. Ed Sheeran)|0QBzMgT7NIeoCYy3sJCof1|8|7|4|8|10
Light Switch|1BSMpVGWs3v5BZKnAQziAc|7|7|9|6|10
Seventeen Going Under|1Dp7ASSZVVOPJ85VdLpjOX|5|9|7|1|7
In My Head|1HvTxgCj0mTzQlEo0zLvFb|7|6|6|1|5
Come & Go|1jTrQnMziyawXMHjd6y4R1|7|8|6|5|6
Do It To It|20on25jryn53hWghthWWW3|9|9|5|11|7
Gangsteritus|2Gg9UhRTym4rztR9vU0Pvu|6|6|3|0|3
House On Fire|2iHsdUnmKGIuc9oRE3DfgJ|7|8|7|2|5
Reggae & Calypso (Russ Millions x Buni x YV)|3FMedgGsLUNwx8NciePFEK|8|9|6|1|9
Numb Little Bug|3o9kpgkIcffx0iSwxhuNI2|8|6|3|8|7
Baby|3pudQCMnsFGwOElTZmuml8|8|9|4|4|6
Bad Habits|3rmo8F54jFF8OgYsqTxm5d|9|9|5|11|6
Where Did You Go? (feat. MNEK)|3sa06xVNmLLYIxdNNmVQN8|8|8|5|7|6
Where Are You Now|3uUuGVFu1V7jTQL60S1r8z|7|7|5|6|3
Make Me Feel Good|4CUX44NA1CPEzd0ibMLQsL|8|8|5|7|6
Peru|4hJhHbkhZFnxmWbAkZRoe0|10|5|4|7|8
Beg For You (feat. Rina Sawayama)|50ZFpw2wS6ERvLmW8TINhq|8|10|6|9|5
Starlight|531KGXtBroSrOX9LVmiIgc|10|4|5|4|4
Down Under (feat. Colin Hay)|53O5nAlq04RKmSBqW0SFvG|4|9|8|11|1
Boyfriend|59CfNbkERJ3NoTXDvoURjj|4|7|8|7|3
Anyone For You (Tiger Lily)|5iFQfP3AqVnHHS89LKQisL|7|9|4|10|8
Heat Waves|6CDzDgIUqeDY5g8ujExx2f|8|6|3|11|6
Used To This|6IlL9Xlnm0Oq6wXSe6TH9v|7|8|3|5|4
The Joker And The Queen (feat. Taylor Swift)|6N1K5OVVCopBjGViHs2IvP|6|4|6|0|4
Run|6oYXbji1rn7U6bFuNYekpQ|7|9|5|2|6
Shivers|75MNhvTCCKsST3YqqUiU9r|8|9|6|2|9
Night Away (Dance) (feat. Tion Wayne)|7z5G2LOdV8okZn4yWg3q5g|8|6|6|5|9
Clouds|3ie4EBzk6a4sdNOpWKhkeA|6|6|3|0|5
Romeo (feat. Bas)|2t9bMYh6ZJGfAZPKJGnby0|8|7|4|3|8
I Want A Love Like This|5Fpn28eEVPqWLiwQmGmWpz|7|7|5|8|5
Borderline|5rcGQIrv6eUIyCBfWga363|6|6|3|5|3
Once|633Oe7gtfWB8lq1Vxyiahm|4|3|3|4|2
"Vivaldi: The Four Seasons, Violin Concerto in F Minor, Op. 8 No. 4, RV 297 ""Winter"": I. Allegro non molto"|0ON4FYmS4Zch1NV0lhv9hX|5|3|6|5|3
The Line|5Io3OKuzK712xD001Hthzk|9|5|5|0|6
NowIcaresomemore|2gXYLIrLrHVViRCnbh8kCQ|8|4|7|2|9
Teletype|3HghfkXDzz7gYCo4Xir8vI|9|7|5|0|8
Enemy (with JID) - from the series Arcane League of Legends|1r9xUipOqoNwggBpENDsvJ|8|8|3|11|6
Somethinggreater|1Uxti0PEEdieT526B8dAxZ|7|7|4|1|9
Family|6OnEsU4yuFEIuuK1pzZ0z5|5|7|8|7|3
Caroline|6xTp4nC8NBRSYMxGqIikSh|6|6|7|10|5
What Could Have Been feat. Ray Chen (from the series Arcane League of Legends)|4Oih3RDrSFg3afaOphBVuy|5|3|5|5|2
Ottolenghi|64I9byMYBlS1ARsC3vtpgW|8|6|4|7|3
Comingback|6W1CYXq9pGEnNNCCW62xu8|6|8|6|9|3
Black Dog|37pShAS4iuRXJeRAa9k6xw|7|6|3|1|4
Drawbridge|6TUBc3txhVoWVEqF1n44gS|8|4|5|2|6
Caruso|4GaVb4spqse4hOwiHpWXVC|2|4|3|7|1
Theworstthing|0EvZksFiDpboeG4UVaIvJa|8|4|3|0|7
Too Good|1HHIv96gVeVkoOBzQeH9d8|8|8|4|5|9
Bluish|2xJAj1Q2IQBzGN39fNPdK8|8|6|4|10|8
Big Nothing Glow|5V3tf148hVOh00STK506Di|6|5|3|7|3
LIGHT|14tNhGhMYj6W5pPfdQoBmN|6|5|4|0|2
Teletype|3Lw7kxX6di4Gpbvuq4FK4S|9|7|5|0|8
Bad Friday|4lMlDOQZpMM6aFjucarRNA|5|8|3|1|9
Bad Friday|5FUyn3zZNR2DxcJGsfJ9A8|5|8|3|1|9
Inthecity (Interlude)|0JSG8Hu6aMidPm1QRqboQD|2|5|2|9|1
Waiting On Design|0wJmkLWgEP4y30WIPZqWuV|8|5|5|0|4
Easy Money|1WqYuxgkAV11lZDTM8DQj0|8|5|6|2|6
Free|6kAOOamDflxqkrAWI6wZRR|7|7|3|10|10
Confirmation|6pIem0QfCkJMl4ug4byHhk|8|4|5|8|4
Hurt|6ZVVax9sMTB6HPKu36eYZs|7|4|4|4|8
Rise|3VdzKymHyCA7OQdUiDREKF|2|4|4|2|1
Think I'll Stay|168kXtIBw4nEJnvmR8nZBs|8|5|6|1|7
Blue Comanche|4NIIFmGWg2JjE68rSPtSPI|8|4|4|0|5
I Wonder Why|2HpDcssMlgQXfmAUYhePIP|7|7|3|0|8
Confirmation (SSBD)|0gcNTflElPYcxajA1LelYd|8|5|5|8|5
Concerning Hobbits|644es5aYPJghtZLjM1rmSP|5|1|4|2|2
Desoleil (Brilliant Corners)|5rYTMjVkGioNF4MpSQISlg|9|5|6|8|2
Dream Appropriate|2FR4RtRGnsJ8a3UodZ5UPc|6|5|4|2|6
Memento Mori|6QzjpDOcw3iNEpThhku00y|4|2|4|4|1
Far and Beyond|3tbVwFLSct63LhbI2mU50s|5|1|7|3|2
Eugene|0sT4slW2xWai3EwVSiuL9Y|7|6|8|7|9
Forth Eorlingas|5MlY3mwE2eQlmaYHONLTaO|2|5|3|9|1
What Kinda Music|47w6S27JF4Zvrz1Wd6R66Z|6|6|4|5|2
Midnight City|6GyFP1nfCDB8lbD2bG0Hq9|6|8|4|11|3
Free - Single Version|26ka7pzhIonUoQFYjB6PbG|7|8|3|10|10
Tarfala|6rJ0Zq5u7DeZmkC6YDwJFF|5|1|2|10|2
Midnight Mischief - Tom Misch Remix|3O5JIwSON3KBaoyMUsjLjn|6|5|3|7|1
Topshottas Freestyle|26QK5v5NHjnYOzKEdTZ7d3|7|8|5|1|7
Storm (before they blow)|6Ex1t4s0LsfPH3sSGH44fR|8|8|4|7|6
Billionaire|3EaTPPQacnTrLkxx37PzCl|9|7|4|11|8
'97 Hov|1qzlwbV6SwHYOR3mhu6ZEd|5|6|3|1|7
All We Got (feat. Kanye West & Chicago Children's Choir)|3ZLyt2ndLFBh148XRYjYYZ|6|6|6|0|4
On Time|7LFtQkNNBFQW42iJgCkUIT|5|6|10|11|5
Round Here|0JJnuR0JEA4CW8wkbUdgak|6|5|4|10|5
Breaking Bad (Okay)|4RyhgKioN2DEKpF1Fo6iqG|9|7|4|1|9
Wraith-Ful|7c521vBOcemu5hGQQRGNwS|7|6|3|4|5
Heartbroken|1Y1lfD897czmPqULtHS7E7|8|7|6|2|10
CR|7i4jMVQC5XIUKLNO0knsp3|5|7|4|5|8
Good Life|4ZPdLEztrlZqbJkgHNw54L|5|9|3|1|5
Run It Back|3yaEcxsLmNJ8cM1AOK2YkM|7|8|8|5|4
12 Summers|2044mxQGxi3ZlCdATO9oOm|8|5|3|11|7
Can't Tell Me Nothing|0mEdbdeRFQwBhN4xfyIeUM|6|7|3|5|2
All Night (feat. Knox Fortune)|60xaS8mYBKUW4VQQ666N0T|8|8|5|2|4
Bring Me Love|5MDgHT305bgpZSCz9mYo1X|5|9|9|2|6
Ashley|55ZcA6PazdlXjE1jO5GrzJ|7|6|5|7|4
Don't Play|4I5bvu2KDsrCg0EWHIcvul|7|8|6|6|6
MONEY|7hU3IHwjX150XLoTVmjD0q|9|6|6|1|4
Carolina|3Dwq1oiOFys6Sxr5SslmXw|7|7|5|4|5
Moon|7CC6UbCs4iGsePSzFxYxNn|4|3|7|5|3
Lalala|51Fjme0JiitpyXKuyQiCDo|9|4|6|2|5
SoulMate|4YLtrBhzjsI2LT6ybXQHeD|8|8|4|7|5
UGH!|1aKuG1GG76xPLUkjBbQo3W|8|9|8|10|4
After Hours|2p8IUWQDrpjuFltbdgLOag|7|6|4|5|2
Immortal|6AGON2BGdPmPMJGiiNuuwl|8|5|3|3|3
One Thing Right|4hPpVbbakQNv8YTHYaOJP4|7|7|3|4|5
Puste sie weg|14P8s5aiDr32gcQ5ESaYBO|9|7|3|2|6
So Close|7FjZU7XFs7P9jHI9Z0yRhK|7|9|5|10|8
P FKN R|0fgsKar6uBO08vzHXkTjWi|9|7|4|5|6
Si Tu Novio Te Deja Sola|0RFFFGtPn6a58RHY3ccVYX|8|5|5|3|6
Ain't It Different (feat. AJ Tracey & Stormzy)|4C4n9gQPyjP7gMzldsjp4a|8|6|3|4|6
Beautiful|1OilOIju6R9ia8vilNjChh|7|7|4|2|2
Tyler Herro|3w1WjD2zJqjBjDz5fwqQPJ|8|8|5|5|8
Lay Your Head On Me (feat. Marcus Mumford)|0oB9964bp22Bmok0Dmxlzb|7|8|5|11|3
Somebody|0pYUyZ3aQR1fAOdhXfoD3R|6|8|3|2|4
Si Veo a Tu Mamá|41wtwzCZkXwpnakmwJ239F|9|7|6|2|9
PRIDE.|6IZvVAP7VPPnsGX6bvgkqg|7|6|6|4|4
Issues|7vu0JkJh0ldukEYbTVcqd0|8|5|5|8|5
Old Town Road (feat. Billy Ray Cyrus) - Remix|4O4HtthxTvVL1Z1PuDb7GX|9|7|6|6|7
Prinzessa|7r55d7IhAj5UGKiYbXBwRP|8|6|4|7|3
Fukk Sleep (feat. FKA twigs)|1AqemxWsT0iGg5Lvkm16Bt|8|5|6|2|4
Not 20 Anymore|7vWbERTWGCiu6fil02e9kj|7|6|3|11|5
Single Again|7IP0lO9tHfNwBWZ9X6TJ84|7|7|4|10|3
Saint|7foypmc7KZyU716Yv63BPe|9|7|7|1|1
7 Summers|4obHzpwGrjoTuZh2DItEMZ|5|8|10|0|6
Weiss|38YP1STiBe3AZevFFJILf4|6|6|4|2|5
Ritual|3M9Apu4OZfylLTFKvgEtKa|7|8|5|3|8
@ MEH|5UusfWUMMLEXLMc1ViNZoe|9|5|7|11|4
Perfect|5jbDih9bLGmI8ycUKkN5XA|8|9|7|0|7
How You Like That|6y6k14YN6MbKpGIv1Rk00Q|9|8|6|11|4
Just Like You|5IF6IBPqbclVR7SQKmCIyA|8|7|6|0|5
Never Be the Same|4eWQlBRaTjPPUlzacqEeoQ|7|8|6|0|3
Don't Wanna Know|5MFzQMkrl1FOOng9tq6R9r|8|7|4|7|5
Real Friends|4V6MRo0CEAC9MwAm7dkPuL|8|4|3|3|9
Soltera (Remix)|2qMnZF5Ja2WvmfbblByQza|8|8|3|5|9
The Feels|1qE8DOtw7zdXHMgZm20eLM|9|10|5|9|10
Memories|2b8fOow8UzyDFAE27YhOZM|8|4|3|11|6
China|0KkIkfsLEJbrcIhYsCL7L5|8|9|4|7|7
Habiba|6G41AeVgQkpvEbTxN5fNkW|9|9|5|8|8
Love To Hate Me|7iKDsPfLT0d5mu2htfMKBZ|7|7|7|8|6
everything i wanted|3ZCTVFBt2Brf31RLEnCkWJ|8|3|5|6|3
Stereo Hearts (feat. Adam Levine)|0qOnSQQF0yzuPWsXrQ9paz|7|8|3|9|8
Casanova|35lIK2q78MSgv3Abb4qAjk|8|6|6|1|2
Did It Again|4guBZjUyrGoHsTahO3IHdj|7|6|7|10|2
Don't Quit (feat. Travis Scott & Jeremih)|4vv1KjUzPwrtDbozizSfQc|7|9|4|7|7
ELMAS|37yAd2kwEI9axbB6UznrOQ|8|5|6|10|4
Way 2 Sexy (with Future & Young Thug)|0k1WUmIRnG3xU6fvvDVfRG|9|6|6|11|4
She Will Be Loved - Radio Mix|4llK75pXNWZz6KAho2Gp16|7|7|4|0|5
The Way I Am|6qNALlmZa1ESnCxJmXE1K9|8|8|5|10|7
no tears left to cry|2qT1uLXPVPzGgFOx4jtEuo|7|8|5|9|4
Who I Want|3vJKLsUYcC7mARUTOMUPaJ|8|6|7|10|9
FRIENDS|08bNPGLD8AhKpnnERrAc6G|7|9|4|9|6
How Long - Remix|6ju3FaV3aVLzGzwERKZuFK|9|7|4|1|9
QUELLI CHE NON PENSANO - Il cervello (feat. Coez)|6l1Jnqfu7GAOV4MDgA2bNP|7|7|8|11|5
Two High|0Z9HQ8YvHqdeOjTwsR3cS7|7|8|4|11|5
Get You The Moon (feat. Snøw)|4ZLzoOkj0MPWrTLvooIuaa|5|3|5|1|1
Freedom (feat. Kendrick Lamar)|6pXcDMr10gh902gPlKuSLv|5|9|3|2|5
Born To Be Yours|4M3FO0ji6Lc8vwD1sgf1nc|7|8|5|3|5
I Don’t Know Why|15dnkAHcHC0vrIUlbiPiqU|5|7|6|2|1
Meant to Be (feat. Florida Georgia Line)|7iDa6hUg2VgEL1o1HjmfBn|7|8|7|10|6
Discoteque|7dMOzsTZOUtOF7W5kLN0gf|9|8|5|5|7
Seeing Blind|1CxLWO9XW1aK4yv7zViVdn|8|6|4|9|6
Let Me Love You|0lYBSQXN6rCTvUZvg9S0lU|7|8|4|8|2
title track|4kDgnKgZTX6puRz9EoNjle|3|9|10|7|4
Walk On Water (feat. Beyoncé)|5PIBgH1cUFwu5IiUk9tnN9|5|5|3|9|7
I Don't Care (with Justin Bieber)|3HVWdVOQ0ZA45FuZGSfvns|8|7|4|6|9
ADMV|4j3iq13kHs5PB94jdTp3Y3|6|4|8|9|8
What Other People Say|2h9TDNEXRhcDIV3fsoEVq9|7|5|5|7|3
Drop Out|1O01cSag3DaCGneWQgPBL4|10|6|5|0|6
Something New (feat. Ty Dolla $ign)|33z5crv3IO5U2BOi8xod92|9|7|3|7|8
Simmer|4O2XaXdnpyUPj90lNq1bIR|8|6|4|7|4
Missin You Crazy|4ve2uzqdwnHr20G5YgMMqr|8|8|6|5|3
Tócame (feat. Arcangel & De La Ghetto)|4cno0k9jDEFpLAQyHNjqVx|8|8|4|1|8
Don't Shut Me Down|3ARUWZ4hryYXhp6X7KHcaD|8|6|4|0|6
This Feeling (feat. Kelsea Ballerini)|6LKYeyLt4G4SlZ6OJwFhVS|6|7|4|1|5
rockstar|2U7Hu2RaNQNRi7izoJyZaX|6|6|7|5|2
Oh Santa! (feat. Ariana Grande & Jennifer Hudson)|2VkuxjlbnbaBiWYpdBGVol|7|10|3|1|9
After Dark|4IvenHmD0spfFDOKphoUDp|7|5|6|2|4
The Christmas Song (Merry Christmas To You)|4PS1e8f2LvuTFgUs1Cn3ON|4|3|3|1|3
Teardrops|3WATWS2Ywo5HeHtG0bE2iZ|5|10|4|7|5
I Knew You Were Trouble (Taylor's Version)|6tNSmBKSjFV1366ASuULfZ|6|6|7|6|8
That Way - Bonus Track|2ajzBr7vwHTEBeqDzcsNRC|8|6|6|7|6
abcdefu|4fouWK6XVHhzl78KzQ1UjL|7|6|5|4|5
SKYBOX|4jMPZl0GrSFgbogJ0C6sNG|8|7|6|1|4
So Good (& Metro Boomin)|0fWBFDRTIuk8ZgNdZqhCer|7|5|3|8|6
I Like Me Better|2P91MQbaiQOfbiz9VqhqKQ|8|6|3|9|5
NO CHÃO NOVINHA|7ARoqP7G8UYW8SyYPyPp7k|8|9|6|7|8
Runnin' with the Devil - 2015 Remaster|3KhF2YiNpJvGpfiCW45R6D|5|9|4|8|5
Lucid Dreams|32iYwQ4OYiurnGnOfJ1aEh|5|5|3|11|3
Lot to Learn|3TRFq09DUgYj1mug6RRqJW|5|9|3|6|7
Done for Me (feat. Kehlani)|1lsBTdE6MGsKeZCD6llNu7|9|7|5|6|7
Open It Up|2LOkdHHNKdEx24cQELBaD8|8|9|5|10|5
Cada Quien|2CGbKCiVUTHxhIJtP6Gvdi|8|9|5|3|8
EVERY CHANCE I GET (feat. Lil Baby & Lil Durk)|1EJIcDYXwSqipW5dFe4uJz|5|8|7|2|3
Still Learning|2Mfv5HaqnI18Q9JRv9hqnn|8|7|4|0|4
DANCE CRIP|1kjs5eR4DMzyB0gm1Z8waV|9|8|4|0|9
Nota de Repúdio - Ao Vivo|3agFBAMPiIvzfTh7a9Udm6|9|9|5|4|8
Arose|0chdEzeIcgfNYbWJBpgvzR|7|10|3|4|6
Tic Tac Toe (feat. Kodak Black)|35J4wXQeRuHNOEArMy6FOe|9|8|7|10|3
SUN GOES DOWN|6btdl1Vl6Ta5lUwUSOFW2H|6|7|8|9|2
Don't Look Back in Anger - Remastered|0UvCh63URrLFcPkKt99hHd|4|10|8|0|4
Another Love|7jtQIBanIiJOMS6RyCx6jZ|5|6|5|4|2
Funny|4FYbo4yQzu3hGkj2Ix4ucW|7|7|4|5|4
British|3eIRxkHV1xKsSJ8WWFfGjE|9|5|4|9|4
Work from Home (feat. Ty Dolla $ign)|4tCtwWceOPWzenK2HAIJSb|9|6|4|8|6
Floor 555|6r7ULK6c5CLVvImjTIztl1|7|7|4|9|4
Slide Around|0QBRshHeQLEThdj2TqxM9n|9|7|8|11|5
Flooded|2nwp9gU9ZGyKRzMswpfc7k|10|6|6|10|4
...Ready For It?|2yLa0QULdQr0qAIvVwN6B5|7|8|7|2|5
Skinny Love|3ZMv9EzGoteNi5Qnx0KpEO|6|3|3|4|2
Ink Blot|36vMHXKIom4mwAlQqoD0sh|8|7|6|11|5
DUMMY|3uPuEFKEzGTn628CCQZUCF|8|7|3|5|6
Rojo|380HmhwTE2NJgawn1NwkXi|7|6|8|11|4
Robbery|6Hj9jySrnFppAI0sEMCZpJ|7|7|7|2|6
I Won't Back Down|7gSQv1OHpkIoAdUiRLdmI6|8|5|5|7|10
Love U Better (feat. Lil Wayne & The-Dream)|270aLuFCbX32hhBr8MQyPM|7|6|4|10|5
Rollin (feat. Future & Khalid)|0lMbuWUpfTWhEmOKxppEau|8|8|3|6|7
What It Feels Like|7iNGwN4yuxATUtv0qYXJ8Q|5|8|3|1|1
FANCY|2FXd6kKCtBIc6UfN1gH1pA|7|9|6|5|8
16 Lines|6akBF8JWM8lrpqejdwIfYI|7|5|4|0|2
Polvo|68mrW6gXHgupgSiDHgaDi5|8|7|3|11|6
500 PS|4UOXo3xWnxYdTf3sFyRaUG|9|10|6|7|9
Begin Again (Taylor's Version)|05GsNucq8Bngd9fnd4fRa0|6|6|3|7|3
God's Plan|2VWbHHhWnMzKWPUs4IEEW9|8|5|3|7|4
Higher Love|1kKYjjfNYxE0YYgLa7vgVY|7|7|4|8|5
Baby, It's Cold Outside|4MrfQL4TYQXJBlZYpAHTuE|5|2|6|0|6
Hypnotised|5LXj9Ch3O9ATm1NoHT8GXn|6|7|5|5|2
Love No More|15fZrZhdK0g1BS9sDeW6sD|8|7|5|0|3
My Head & My Heart|1KixkQVDUHggZMU9dUobgm|7|10|5|9|5
No Es Justo|5qFeMRz4TvetPmzjre9Dq7|7|9|3|7|8
Bad At Love|2TBQoW7s6iwKcg139ssqie|7|8|5|0|6
...Ready For It?|4vVb2D6RYL669h7tLYOKwx|7|8|7|2|5
Starlight (Taylor's Version)|7A2cNLRT0YJc1yjxHlKihs|7|7|5|4|7
Panama - 2015 Remaster|05RgAMGypEvqhNs5hPCbMS|6|10|6|8|5
Believer|0pqnGHJpmpxLKifKRmU6WP|8|8|5|10|7
Playing Games (with Bryson Tiller) - Extended Version|2xyx0o4xNOLLjBSbOOdcbA|8|5|5|11|5
Hipócrita|6XBjCetHKdO5L9cwMDVffw|8|9|3|2|8
ALÔ AMBEV - funk remix|4yD8WmB9NJVz1qYLD98iS1|9|8|6|11|9
Black Panther|3vKU0GTHo5nl3kTCYAiqc3|7|6|3|1|5
CHIAMAMI PER NOME|7mRh8GlpYlZB6pYliqn2a5|7|6|3|10|3
Let It Snow! Let It Snow! Let It Snow! (with The B. Swanson Quartet)|4kKdvXD0ez7jp1296JmAts|7|3|6|2|9
Passionfruit|5mCPDVBb16L4XQwDdbRUpz|9|5|5|11|4
Marmalade (feat. Lil Yachty)|0RYXEibxMami3QuT8kn4Iz|10|6|6|5|5
Bad Girls (feat. Gucci Mane)|0hCHNYL8ApQCGNwJrYN1FY|8|8|6|1|3
Bout A Million (feat. 42 Dugg & 21 Savage)|4LaGu95Ui2s4vprSQYWUAZ|8|7|7|0|5
One Right Now (with The Weeknd)|00Blm7zeNqgYLPtW6zg8cj|7|8|4|1|7
Dinero|3ggtU1ZOKO8ZNiqPNyXGcm|8|8|5|2|5
Burn|0QwKxajohg1rAMMmv1AWe1|4|5|5|1|1
One|5C1TucCRf4Vjjree1OItyv|8|4|5|9|6
TELÉFONO|5h8VHxOBK1VWWj46T8fSly|7|9|8|11|6
Ex (feat. YG)|1Mb187X5w3OUQNH6P5M28Y|8|5|4|5|6
Selfish|4PV0uE5pZSh44E3NqNNDEH|4|5|3|9|3
SICKO MODE - Skrillex Remix|0u695M7KyzXaPIjpEbxOkB|7|9|7|1|5
Rooting For You|1spZPzBLYeVTvd0iDWXgC2|8|6|7|6|5
Pa' La Cultura|3MR5Lnhd6uCIgLXSK7nmyX|8|9|4|9|6
Juro Que|3ZwQCZ2LuYwuQ6R1p1CJ3w|7|5|3|11|7
Ok Ok pt 2|1QCqedB1ibmRO9x7Ikb5LI|7|5|3|11|5
One More Light|3xXBsjrbG1xQIm1xv1cKOt|6|2|3|8|2
Here We Come a-Caroling / We Wish You a Merry Christmas|4LUAIXN6bpnEVaJZOLfuDt|6|2|4|8|8
u love u (with Tate McRae)|1xBQDoxqFyloelbnfju8na|6|8|3|4|3
THATS WHAT I WANT|0e8nrvls4Qqv5Rfa2UhqmO|8|9|3|1|6
Underneath the Tree|3nAp4IvdMPPWEH9uuXFFV5|6|9|7|8|7
She Bad|0CfmNX2TXk7yoJqHJiixnp|8|6|7|10|4
goodnight n go|14kYOiFVPb7E7NfFbqhdln|8|5|5|1|3
By Your Side (feat. Tom Grennan)|0vR2rIVORmgeKiGIgNT0fV|8|10|5|7|9
Sensualidad|5hcisvFMidkMJlElTO9Qmw|9|7|6|11|7
Lance Individual|7GLWWrk1YlkPYqJK3ynIA0|8|7|5|5|10
Run Me Dry|5GG3knKdxKWrNboRijxeKF|7|8|9|9|7
Sauce It Up|1uL78kFWxhz3umTMWJu8n5|9|6|3|6|2
Unica|33b2wX9d0kxqxhi7lcsC1A|7|9|8|0|8
Did You See|6DXEZzM4wBa3EOl0NCNSvz|6|6|4|11|9
Favorito|0jT8Nl0shPS8115is0wD2Q|7|9|8|9|9
Lose You To Love Me|4l0Mvzj72xxOpRrp6h8nHi|5|4|4|4|1
Allein|4tW7mc0pab35DznfVlr3px|8|6|5|7|4
Wake Up in the Sky|2G1tXoGBaEMJ7FKGnkf6ud|8|6|6|4|4
Eyes Closed|2WQn7Yvs728KZmmY6tgWqH|6|7|6|1|1
Thotiana|3oh6SCCeLuXhFpEyepla6G|10|4|4|10|4
Make It Hot|0QopfywHKJZH8bnt8Cj9qr|8|8|4|11|5
Broke In A Minute|2ZrAjMSmlbDIil0JaVgTHh|10|7|5|0|9
Heaven|0vrmHPfoBadXVr2n0m1aqZ|6|9|5|9|6
Amantes de una Noche|2iCOdoyDmWG3hWkbtH1KB2|6|8|3|9|6
God Is|6xRWoYwfwIKnT8bQGzKbxR|7|7|4|1|3
Piece Of Your Heart|5p1ex0pXv6jSPJ6QbumQpD|7|8|5|10|7
Freaks|0HUTL8i4y4MiGCPId7M7wb|4|10|8|9|5
Off The Grid|6LNoArVBBVZzUTUiAX2aKO|6|7|6|8|7
Tie Me Down (with Elley Duhé)|4QVS8YCpK71R4FsxSMCjhP|6|9|4|6|4
Sugar Wraith|0MrRAUcB8AZiB9ue2VOBYe|7|8|8|5|4
Take Yourself Home|6YndZBGmLySgsVScckWkmO|4|7|4|5|3
Say You Won't Let Go|5uCax9HTNlzGybIStD3vDh|4|6|3|10|5
Red Room|2MJdgSby3DtSS7bUJx2cly|10|6|5|7|6
The Night We Met|6mORGLOz79w6VsCRLWYYuK|5|4|8|9|1
Alfred’s Theme|0uAkm1iQLrzweZ4U1iXy6w|8|10|4|1|8
512|5jzEwSyyymBlf1fa1o39T2|9|7|3|4|7
Fire Starter|2lvOt6VAufWlstrqutilVb|6|8|7|3|4
Bottiglie Privè|4hExiZDbGdegofpEc9t0Fu|7|7|6|5|3
La ragazza con il cuore di latta|0NmyHZZMfVBiUSOfDmz9Bf|7|7|4|0|4
Azul|2lCkncy6bIB0LTMT7kvrD1|9|9|4|11|7
Writer In The Dark|193Dm5SqYy3hTSbuzxbwKc|4|3|2|7|3
Chamo Teu Vulgo Malvadão|4mdlehe2znCTAzlFhrOa09|10|7|6|4|8
If You're Over Me|1oc3jna2ablnfIKLYbKujl|7|9|4|8|7
So What|4CvId64YZSB0RfRdfzPIQU|7|9|6|9|5
Borro Cassette|6DUdDIRgLqCGq1DwkNWQTN|8|8|8|5|8
Kings & Queens|7a53HqqArd4b9NF4XAmlbI|7|7|6|1|5
YOSEMITE|7lAK3oHbfEnvUQWosrMMpR|8|6|6|0|2
ALMAS GEMELAS|2KcNrONbZ0hvBPjvrDO2tx|8|8|4|7|8
Most Girls|10GJQkjRJcZhGTLagFOC62|8|6|4|9|5
Ciumeira - Ao Vivo|2H1liABu20HXBOmbt5SQz1|8|9|5|11|8
MOWGLI II|1w2OwBeojIZI8hTI5WkMkV|8|6|7|9|5
No Love (with SZA)|08SB2OtZkaliju77WYEKxk|8|7|6|1|6
Love Galore (feat. Travis Scott)|0q75NwOoFiARAVp4EXU4Bs|8|6|6|0|5
Super Far|74ODGXs4byLTRdnKGM4s6E|8|5|4|8|5
What Child Is This?/The Holly And The Ivy|6ScCr1C4VIFzulq8bP65mj|4|2|4|10|3
Christmas Tree Farm|2mvabkN1i2gLnGAPUVdwek|6|7|6|7|5
Righteous|5dOxHHMOFAbG3VH23t0xNm|8|7|6|0|3
I'll Never Love Again - Film Version - Radio Edit|3DKpA54hrFIdPN6AtL9HXa|5|4|4|7|3
Over|08dz3ygXyFur6bL7Au8u8J|7|10|6|7|4
Gnat|6cS9PmLky2NhLOhpIsUlow|9|9|6|10|9
10 Freaky Girls (with 21 Savage)|43lYaovU2FoeuBMNusVVVW|9|4|3|6|1
successful|5YeHLHDdQ4nKHk81XFWhCU|9|7|5|0|8
Miss Americana & The Heartbreak Prince|214nt20w5wOxJnY462klLw|7|8|7|11|5
Eleven (feat. Summer Walker)|18O00Y7yrkJ0pRXm1n21Og|7|5|6|4|2
Yacht Club (feat. Juice WRLD)|5R2rsbwCDXORX2tLfprRmM|8|6|7|7|5
Harami|5xIODxqlpUnRVA9ewZUCug|7|8|3|6|7
YO VISTO ASÍ|5fROvzNghPid8mbKNDYvpJ|7|9|5|7|7
Follow You|7FdUvDkaE24o3FPIWTvzv2|6|8|5|9|5
My My My!|1YHT1FZv5t3ZFLsVPuy6Rq|8|5|4|1|5
Make It Back|2EhJijFUs0WUmNClDBpYJq|8|4|6|1|8
Nonstop|0TlLq3lA83rQOYtrqBqSct|10|5|7|7|5
MLK Interlude|680qLWCMRfR6evrNNBCE9e|7|5|4|10|5
break da law|5ZSIExfQuVv69tw5Qw3yDl|10|6|6|1|4
Palace|3zesxb7sOGbeSwUrzLUP0f|4|2|3|6|3
Whoopty|5vGLcdRuSbUhD8ScwsGSdA|8|7|6|3|7
Verdansk|7IPKXYU2rTMnrLW5IZ7ZI5|10|6|5|2|6
Meet Me At Our Spot|07MDkzWARZaLEdKxo6yArG|8|5|4|2|4
Save Your Tears|5QO79kh1waicV47BqGRL3g|7|9|5|0|7
3 Nights|0uI7yAKUf52Cn7y3sYyjiX|9|6|7|7|9
Baby, You Make Me Crazy|1p1SbqeipOd4ezKUpxqaz6|6|7|8|5|5
Global|7cW1wHpSLYgKWzoWlOCPFJ|7|6|8|1|4
Light|7zTx8ePYAmPFQuxP3xlXZn|6|8|7|1|5
Lights Up|4jAIqgrPjKLTY9Gbez25Qb|6|7|4|10|3
Kein Plan|2d3WpbJFBND2vwMJyULdfU|9|7|4|0|8
Last One Standing (feat. Polo G, Mozzy & Eminem) - From Venom: Let There Be Carnage|5W8HXMOMLtXLz0RGKUtnlZ|7|7|7|1|3
Vossi Bop|44ZJ4hLD5onikKsVLQaILr|7|7|9|8|5
Martin & Gina|1VLtjHwRWOVJiE5Py7JxoQ|9|6|4|1|2
Good Guy (feat. Jessie Reyez)|4g32MdRoqwGKQd3NXIRhpU|7|7|3|9|8
Escape From LA|1sOW4PuG5X3Ie3EXUhAopJ|5|6|7|5|2
Who Shot Cupid?|06LFFPPS7MylCZXps3cO4m|8|10|5|3|6
Legends|1Knctxx9vGZxpZfF66BIEa|6|8|6|4|4
Panini|2pmhboG1a2XfDiTvMwO8sd|8|6|7|5|5
Throw It Away|0y5gx9hco8okaSecaH22k1|9|5|6|5|3
Gyalchester|6UjfByV1lDLW0SOVQA4NAi|9|4|6|1|2
Rolê|50gPsfGHy5OnPauA9455DM|7|8|7|2|10
She|6SQLk9HSNketfgs2AyIiMs|6|6|6|0|5
Moves|0Fv5N0cHBsl4bzCbollCAS|9|6|3|2|4
T-Shirt|3OG5wVO27N3HtdtxPLpPFt|4|4|7|4|6
Sans peine|4smLSyGtyNJLPb9J1Iuwsb|8|7|6|1|6
Bipolar|4WzsycqZkpkS48H9AAAGux|8|7|7|1|5
I WANNA BE YOUR SLAVE|4pt5fDVTg5GhEvEtlz9dKk|8|7|6|1|10
HOLD ME TIGHT OR DON’T|00TVmX9spquyg0UKuN57l3|6|10|4|6|9
Take What You Want (feat. Ozzy Osbourne & Travis Scott)|44pxxRrhiDGuHYP5HjadGF|5|9|6|1|3
Run|1zmgEIHE0eXH0IhBGuoTkP|5|8|7|7|4
Saint-Tropez|05mDaV9Vb3wrzjF6OPZnhq|7|7|6|0|3
New Patek|0Fpen1PTuEnCmOJtUU9Iud|9|8|7|8|8
Sie ruft|4CyCHkhRsDXUeP5K4Y3xjU|9|6|6|1|7
Hearts Don't Break Around Here|2dfHh7ECGxfNqZTQno09Vk|7|4|4|7|2
Way Bigger|0HNKMJ2EKCaT2EqcCBj1EH|8|6|6|1|2
Little Engine|4qNWEOMyexn7b8Icyk29t9|8|9|7|10|8
Downtown|3Ga6eKrUFf12ouh9Yw3v2D|8|7|8|4|7
Wenn du mich siehst|3hxJ3qXqg8ysYBF1QmO8Ir|8|7|7|5|7
idontwannabeyouanymore|40T5GIqQ1CegGm2PTEl8Bu|5|5|8|7|3
Love Scars 3|0AcicReEGm1qcENjqzh1Tg|6|6|3|8|2
Blood On My Jeans|3MmCFghNjzZMn3HKqbVizn|9|6|5|6|5
Π. VANTABLACK|2n3dCM1RqyhzH5FZQW4jxA|6|7|3|11|4
Surf|1kwnxJNVl7cwcU98RvMBaR|9|2|7|1|3
Liberdade (Quando o Grave Bate Forte)|2QLbRVzixE282JSQjBz2DG|9|8|6|6|5
Paint It, Black|63T7DJ1AFDD6Bn8VzG6JE8|5|8|7|1|7
Hurts 2B Human (feat. Khalid)|2BM7nF0pMIpLQOT04o691Z|5|7|3|7|2
Fancy Like|3ZozFqJJlDBNIm4xqxn2ZD|7|8|3|1|9
Controlla|6F609ICg9Spjrw1epsAnpa|7|5|5|10|4
Olabilir|5b195aHKKd6oTr4f7DoRCo|8|8|6|6|8
Bläulich|57tck8MCxkY6tcQC6VhahR|8|7|7|1|3
Ponte Pa' Mi|4C6BlqqMwjFzOXzqpTeoWR|9|8|3|5|7
July|5a6pdCHlWS2ekOOQ70QnAr|8|2|2|9|4
Christmas (Baby Please Come Home)|6bNuwzORFWORu9Ym7dBCPl|4|8|5|8|4
Get Into It (Yuh)|0W6I02J9xcqK8MtSeosEXb|10|7|3|8|8
Mi Gente (feat. Beyoncé)|7fwXWKdDNI5IutOMc5OKYw|8|8|4|11|5
The Truth Untold|48XfojJC87VKLlUotYV0Gm|6|5|5|1|2
Strobelite (feat. Peven Everett)|6XGddj522FQRHXEhBtjiJu|7|9|4|4|5
Rake It Up|6c7D34787LOtPm8tzhsLgH|10|5|7|1|6
The Nights|0ct6r3EGTcMLPtrXHDvVjc|6|9|5|6|7
Kids Turned Out Fine|0qp8MuZNKelOGTK2HPlXBA|4|7|8|1|2
Better|4T3fNx3CgwDRRYgmFCbD4J|5|6|4|0|2
Light My Body Up (feat. Nicki Minaj & Lil Wayne)|3vgNmjuRDnGLxUFGCLkwpm|7|7|7|6|7
Elegí (feat. Dímelo Flow)|50ZC4PM7hywH27RcCfViau|9|7|8|0|7
Pure Water (with Migos)|3j84U36KvLeXNDPv4t5pI8|7|6|10|0|2
Shape of You - Galantis Remix|5H7CwzYZ60e7w69tX4ivQN|9|8|4|1|10
YOSHI (feat. Fabri Fibra) - prod. Strage|3Hh0ZcGIqIkSiJVZGLcVLx|8|7|8|8|7
Don't Start Now|3PfIrDoz19wz7qK7tYeu62|8|8|5|11|7
Reminding Me|7DQXiMeLqiQsy1uqHSk0xc|6|6|6|9|3
Do Not Disturb|2KvHC9z14GSl4YpkNMX384|7|7|8|7|5
Like To Be You feat. Julia Michaels|5QskYLFPX9y7pLU0VEMNbr|8|5|7|2|7
Stupid Love|7yBbV2k2S2uhaQc24NF2xt|7|9|5|8|8
Good Life (with G-Eazy & Kehlani)|1Eck97uRMlprKOOJN9oO1E|6|8|8|1|6
Tiroteo - Remix|4OwhwvKESFtuu06dTgct7i|8|6|5|9|7
KEIN SCHLAF|6416zJN0FGPmh1Ph4BH2h3|7|8|8|11|4
Fuck it I love you|7MtVPRGtZl6rPjMfLoI3Lh|6|5|6|9|2
Un Año|5BDP2tky8oMQJPS33frKVp|8|4|4|1|6
El Mismo Aire - con Pablo Alborán|5EbtodsuLbxrFDH6j5avVS|5|5|6|0|7
Choker|3ydI3CesHBnaY01Qff9jOr|7|7|6|7|6
Ni Tú Ni Yo (feat. Gente de Zona)|5xMzazov0IHYllrc8U2K6F|7|10|4|1|8
Wild Love|6JnRLa50GuHzF0ucg9AGMI|5|7|2|11|3
Whip (feat. Travis Scott)|6Z4rmc0uujCpl8yXe3yjgI|8|4|5|7|1
MOOD 4 EVA (feat. Oumou Sangaré)|7oqftogUN82Q7VNy2TmTJW|7|8|4|7|8
LOCO - English Ver.|01QhKtUc12FGw2wX7dMYvv|8|9|4|1|6
Traicionera|5J1c3M4EldCfNxXwrwt8mT|8|7|3|11|7
In My Blood|79jX8RM5CgPqDKdGEKNW9K|7|8|6|5|5
XSCAPE|0jNFDcGAXPs5ahngmD5R6n|5|5|4|4|1
Thriller - 2003 Edit|0wQy2OO7jKjm0OOmA7gv3f|8|9|5|11|9
2/Catorce|0PwFN7vRvY80Hnkoew2x3f|8|6|5|3|4
In My Mind|0E9ZjEAyAwOXZ7wJC0PD33|7|8|5|6|2
Halley's Comet|5XsAal7ZcWg1I5T4NcRjkv|5|2|2|1|1
Space Legend|2ShRJbppDksFugwquBFyjx|6|4|4|2|1
(Fuck A) Silver Lining|3BDxv4ORzOpXAsa4lWVl4i|6|10|4|1|8
MAMMAMIA|78SCmQ8A7KQSMdkem2SwBP|8|7|6|1|8
Arrows|6JSryEdVJTZq6YBn3wK2sn|6|10|5|1|5
Easier|2txofPPP3lkiNLTUUHeJHS|6|5|8|5|7
Beno!|4CYTQpr2jc4uBScYvpEK2w|10|6|6|1|5
Memories (feat. Kid Cudi)|0Xh6R6XLoTDRBYriQRgkHj|6|10|6|8|4
Celebration Station|25B5fGr9K0VdZJiRFsnMO4|8|8|6|6|8
Forever & Always (Piano Version) (Taylor’s Version)|01QdEx6kFr78ZejhQtWR5m|6|3|5|9|3
CHopstix (with Travis Scott)|01DOm09B2AbiTARAbXVI6g|10|6|6|9|7
Dandelions|2eAvDnpXP5W0cVtiI0PUxV|7|7|5|1|5
How Long|6wmAHw1szh5RCKSRjiXhPe|9|6|4|1|9
Keep An Eye On Dan|1OC16r1BdQO6hK2iqmvwXF|7|6|5|2|5
Toxic|2gQPv5jvVPqU2a9HhMNO1v|6|7|8|8|7
One Dance|1zi7xx7UVEFkmKfv06H8x0|8|7|4|1|4
Sleigh Ride (with Percy Faith & His Orchestra)|6XAdcAseYtijN0QUnQFsH2|7|7|4|1|9
SYGL (feat. Shindy)|1tUF7dEhqmV2Z1pTsGAGnD|6|5|9|9|8
Extra Luv (feat. YG)|1tlBuoIRrtqFs9bE9dmli5|9|6|4|4|3
Jump (with Trippie Redd)|2OvV4NjEBRE9v8Oo7QeUCq|7|6|8|10|6
IDGAF|76cy1WJvNGJTj78UqeA5zr|9|6|4|7|6
The Truth|4NmOJQxl9UZItUQQtMDYBb|7|6|4|7|4
Say My Name|0YammaEkYSeo9vQYZ1OwS6|8|7|4|10|8
Fortunate Son|4BP3uh0hFLFRb5cjsgLqDh|7|7|6|0|7
Shadow of the Day|2zjEMw9kkROEbAxIXk6Ivp|6|4|5|11|1
Youth feat. Khalid|5SwEgzUFDHwpWHKrbnP32Z|6|6|4|6|4
JUGGERNAUT (feat. Lil Uzi Vert & Pharrell Williams)|7z4xW9WY86uH3gd1V9pfCM|9|6|6|11|7
Selfish Love (with Selena Gomez)|3XoflnowYPFRPOh3uFvHcm|8|7|5|5|5
Under The Mistletoe|2K4XbdyLxi9jhqVQeyUKRK|5|9|8|2|8
I don’t even speak spanish lol - feat. Rio Santana, Judah, Andrez Babii|14boA065HMHWvqyPPEeN4y|8|6|3|2|6
Back (feat. Lil Yachty)|32zhF8yXc1lej5EcudJXp7|8|6|6|2|5
Take What You Want (feat. Ozzy Osbourne & Travis Scott)|4Yq3XUNfWrAPWuB94qkC09|5|8|6|1|3
Stir Fry|2UVbBKQOdFAekPTRsnkzcf|9|9|9|2|6
Real Friends|3iq9nhbI8fcnNamxMft1uv|8|4|3|3|9
Saturnz Barz (feat. Popcaan)|7l9CE3wmEGOUYw1j4ETjnL|4|7|3|6|3
Tesla (feat. Sfera Ebbasta & DrefGold)|093RgZ7RXHZwIrxZhZYX4Q|9|7|6|11|4
BOOKER T|26w9NTiE9NGjW1ZvIOd1So|9|6|5|7|7
Fiebre (feat. Wisin & Yandel)|0oFqlgK2LJ9eMlpGBCmRvf|8|9|4|0|7
Location|152lZdxL1OR0ZMW6KquMif|8|5|3|1|4
Chillax (feat. Ky-Mani Marley)|1lxswgIpzV6HhENRvkflES|9|7|3|1|6
Moonlight|5uHrWZqndnheP1qtYr6xGC|7|8|4|7|8
...Ready For It?|19WjVVgXjdKXfLXoaDPwTM|7|8|7|2|5
Olha a Explosão|6m2LNopVJKsvBB9l7Z1rwn|8|7|3|6|4
YAYA|6EfBMJQwe2xLgldra6DaYp|7|8|4|11|4
Glittery - From The Kacey Musgraves Christmas Show|4dFtIGQBrYjiskk7fN5Wmx|6|4|3|1|4
Jail pt 2|7f1w2rZoIf7g56McEUTh5W|7|6|4|4|7
love language|6NYtLvyThMT0oALFdJFdzq|7|6|5|10|6
A Lie|1vVNlXi8gf8tZ7OhnEs4VE|6|8|5|1|6
Jangueo|7KKh0ujp8agIiCrkiJhf81|9|8|4|7|7
Keanu Reeves|25F6MWrnFBCXVnpN4n76EK|8|9|8|2|9
Loverboy|0qXP5fMhxGzxALOkXYUxfP|7|5|5|0|5
CIVIL WAR - Bonus|5tmu5pAFHkUSl8Fo8ncyA4|10|7|4|7|5
Índigo|4knc1Fp3kbuq8bH2byOvLu|8|8|6|0|10
Roses (with Juice WRLD feat. Brendon Urie)|1KVczjazCcCCgM3gXXUl47|7|7|7|8|6
range brothers (with Kendrick Lamar)|0UTyLmkQgPOEIz95OVAJTR|7|6|5|11|2
EL BAÑO (feat. Bad Bunny)|2vvdTrdryjsl8DmPIMDWZU|8|9|3|6|7
Ao Vivo E A Cores|2Ab1wPTEqulaCGoBak1gUo|7|6|6|5|5
Million Reasons|50PWlIBU7PlGGwzgN8TiFJ|7|5|6|0|2
Constant Bullshit|1luvsaicSpNDRLgOtRZxWO|5|6|5|4|4
1000 Doves|62hTXlVQacy3pjBW4ntRPl|7|9|5|9|4
Patek Water (feat. Offset)|7r6LNJT2LqpLpEyZQJPygt|9|6|7|6|4
A Violent Noise|661bbtA19xopO3lH0J4Qvr|6|5|5|0|2
Goutte d'eau|5ojNTROUJJgCFFbdD3xTZn|7|7|6|5|4
Mad Stalkers|6HR1z11h0ROUlWP4Kx8Z7G|9|4|6|10|2
Sunflower - Spider-Man: Into the Spider-Verse|3KkXRkHbMCARz0aVfEt68P|8|5|3|2|10
Loco Contigo (with J. Balvin & Tyga)|1f38Gx6xQz6r4H1jGVNBJo|9|8|4|6|4
Cuando Te Besé|2XXMDz7SPZ4mSFN1PXfHUy|8|8|4|9|3
Redemption Interlude|0bi1T5Y9aXT4JAOOU2NLcV|4|5|5|4|2
4 Da Kidz|2ZDRkJrKbceJRgLKkuex14|5|7|6|5|4
SIR BAUDELAIRE (feat. DJ Drama)|4ydmav4vl7hebadtfZtMrg|5|7|6|7|6
Seek Bromance - Avicii Vocal Edit|6J7ZSdEEYo3ns4gnHdwRL0|6|9|5|11|6
Never Really Over|5PYQUBXc7NYeI1obMKSJK0|8|9|4|8|4
do re mi|6CUBgX8bXC5YQCkdgRHqyg|8|6|5|8|2
Vérité|1O1EqgvgRyj1ejZPUxI0UX|8|6|7|6|4
Mi Cama - Remix|38QmUDpkoYlNbMKvpvAsrE|9|8|8|9|9
Lemon Pepper Freestyle (feat. Rick Ross)|4FRW5Nza1Ym91BGV4nFWXI|8|7|4|1|5
Back In Blood (feat. Lil Durk)|7FGdjbZ32vMybPuP0IuE7d|8|6|7|8|9
Ransom|1kBbgxAUc4HQv7cgIayIDH|8|7|8|7|3
Christmas Time|0hnErtVKN1JyvfBNfpWDpO|6|5|3|0|4
acting like that (feat. Machine Gun Kelly)|653lIkynLG6WiwoEfsY3Ri|6|9|7|0|6
Alfred - Interlude|4EmunTy7kNBYQivOa8F6b8|5|3|2|5|10
My Oasis (feat. Burna Boy)|2KoHxhRyWxJzA0VafWd5Nk|7|5|6|10|4
Creature (feat. Swae Lee)|3eV2WT9YhfzkxbufnBF8wK|8|8|6|7|4
Ta To Gucci (Remix)|7kuRvjpeUcn6qNV9IBXC2C|8|7|9|1|7
Keanu Reeves|1JIgaRnqtzS7DuGM3hVZU9|8|9|8|2|8
Please Shut Up (feat. A$AP Rocky, KEY! & Gucci Mane)|3LyNsopPP3hXf8bZBE7cDk|9|5|7|10|3
Breathe (feat. Colbie Caillat) (Taylor’s Version)|7HC7R2D8WjXVcUHJyEGjRs|6|7|7|1|4
6 AM|0bvHx0bCYwH6gj0f5WZV0R|8|7|6|8|9
Beautiful Trip|4IIuCotvqijraSdnVLaFnM|4|6|6|11|5
Amazing Grace|71avPtayHSPwC2MUfRLOdC|2|3|2|8|2
Lock It Up (feat. Anderson .Paak)|1qwMkkRiD5jqLeUUjfgblh|9|8|6|6|6
Slow Hands|167NczpNbRF7oWakJaY3Hh|8|5|3|0|9
No Me Acuerdo|00EPIEnX1JFjff8sC6bccd|9|8|4|7|8
Meet Me on the Roof|3YCUPKddcFr4s6iL4mj6Xy|5|10|8|1|9
Street Runner|3JYxIozjRsvEmHrIvfFhud|7|7|7|5|5
Paper Planes|1kusepF3AacIEtUTYrw4GV|5|9|8|2|5
DOMINO|6h9xMouzZfgzhfAJJnVoZz|7|9|7|7|7
Indica Badu|0jqBo5RYn008f4ZY8kPewW|8|8|3|0|10
You Don’t Know Me|7gpIj4wMeTKptFxetrNKzY|6|3|3|11|5
King's Dead (with Kendrick Lamar, Future & James Blake)|51rXHuKN8Loc4sUlKPODgH|7|8|6|1|4
Still Goin Down|1d0rJOxrY9cpoAVgzyYLot|6|8|7|7|8
Faint|4Yf5bqU3NK4kNOypcrLYwU|6|10|6|4|6
too easy|4eL3XeuGaEoVT8ttDh3hwY|8|6|7|1|4
Finesse - Remix; feat. Cardi B|3Vo4wInECJQuz9BIBMOu8i|8|9|4|5|10
Rebota - Remix|3dWpRjCmaHbroNahuSeX11|9|9|3|0|9
Mi Gente|2rb5MvYT7ZIxbKW5hfcHx8|6|7|4|11|3
Summer Bummer (feat. A$AP Rocky & Playboi Carti)|0T8qHE4gQPf8g9KjvjNmDq|8|6|6|1|2
Bonita|693iqPOQvhI7PobtR8CC8v|8|9|4|5|9
Had Enough (feat. Quavo & Offset)|2jrAaawDRCn1JjeouxAyDN|8|8|7|2|7
Kids Again|1ABS9lKaZ1uXkXCqr9zFO7|7|8|6|11|5
Futsal Shuffle 2020 - Bonus Track|2fOlBMkWR7lXJfqp5VTbDG|9|5|6|7|3
Ela|2VUTPdW21gPVVTEmvdSwos|8|6|6|8|6
Lot to Learn|2HzfRSfCogBSsgW2CckVA2|5|9|3|6|7
Despacito - Remix|1vnnXMrBeEWiRg3YCMCjQq|7|8|8|2|9
Kiss My (Uh Oh)|0MWiSBKm8Avs8iDIxcertp|7|9|4|5|5
Belly, The Weeknd - Die For It (ft. Nas)|2Nc1v8I86FUGorwjXKo0in|7|5|4|5|2
In Your Head|72i5s3SBDEkaRUOgUTlkfO|7|8|3|1|2
COMO UN BEBÉ|7knLcYCOSaURD0d7HUULFM|9|9|4|6|9
Teeth|1JRK7srBWUtAW7dPabKBwJ|8|5|6|3|5
Whoopty|1t9WgS8FN0534tLBRwbaxO|8|7|6|3|7
Uh Huh|1eVRnmGhDPATPxz6kqWuCP|8|7|6|4|6
Smells Like Teen Spirit|1f3yAtsJtY87CTmM8RLnxf|6|10|5|1|8
needy|1TEL6MlSSVLSdhOSddidlJ|7|4|3|7|2
Wolke 10|200cTjC6si5Xz9af2QeHi2|8|8|4|10|4
Prayers Up (feat. Travis Scott & A-Trak)|4KaIJ1FWXUoAAnOts1YWjD|9|7|3|9|8
My Only Wish (This Year)|1UQbxSOVbauPxaUh337GTx|7|8|7|0|7
War|1I55Ea0zVoSKs6MqW7DQ3i|8|8|6|10|3
The Return|5ZcMWSpUeUPvO87FkSZbJB|9|10|3|11|7
sw1n6o - feat. Salmo|0I26eEAwEoii0wHuFqwhYO|6|9|8|0|8
Diana (feat. King Combs)|4Tc9PHEoeP17PQj3OOKXPu|8|8|5|7|6
bad guy|2Fxmhks0bxGSBdJ92vM42m|8|5|6|7|6
Lost|18XlJEroUwFo0tLZxscgXE|8|8|6|7|8
Comprei um Lança|12v6LfkX9YIR3uLefIAAYZ|7|8|6|7|6
Por Favor|0Pki3Th0SL5rJ5e6ShUbJJ|8|8|4|2|7
Carry On|2yZax79pOrYuyIFVW2cZY2|8|2|7|3|4
Kelly Price (feat. Travis Scott)|204U3zjm9kkzX25Pr4Rdld|8|7|5|4|5
Stay High|1AnkdcHl86kEhDvhaKDuIe|8|5|3|8|5
Some Kind Of Drug (feat. Marc E. Bassy)|1Bqxj0aH5KewYHKUg1IdrF|7|6|6|0|5
All My Love (feat. Conor Maynard)|1839RWzPRZCVgvamu4sHSN|6|9|6|11|4
MoshPit (feat. Juice WRLD)|4KX8vXbouybtUptEyYxtIk|8|7|7|7|5
Tomorrow's Dust|666PdikRnUzdvjT9p5wWND|7|9|4|0|7
Know My Rights (feat. Lil Baby)|7fsNNSLGG8Wi0nFbufCU6L|8|5|5|1|6
Freeee (Ghost Town Pt. 2)|7GRTrWsP3yo2Fx8umJfA1X|4|9|7|9|4
I Still Have Faith In You|3ddxe0WYUpNPtSnHgQOad5|3|4|2|5|4
Do The Most|7n0lXKEOaFxrAU0R93fIQh|7|7|10|8|4
Chromatica II|0oQc0F6KUE7QY7k5TU6bic|2|3|3|2|2
Damaged|2n7Ao4nyESBa5ti8gcAbBt|7|6|6|8|3
5G|4EmLZvANhzJKh2Dt4k2GQK|10|6|5|6|6
1000 Nights (feat. Meek Mill & A Boogie Wit da Hoodie)|4vIKzWqtn44umal5jXq4wE|8|6|4|8|6
Sugar (feat. Francesco Yates)|5tf1VVWniHgryyumXyJM7w|7|9|5|5|7
Questions|5XQMr19TL7Mfksq9zihbOu|7|6|4|10|6
Crack|52yZydTRNmxinmjt5hjk95|7|8|9|8|4
Don't Leave Me Alone (feat. Anne-Marie)|2zy9TMoZlYGuCNY4TLqG24|7|7|6|4|5
Mary, Did You Know?|4z8sz6E4YyFuEkv5o7IJni|5|4|4|11|2
Madura (feat. Bad Bunny)|0r9d60ZYPAlFHq8qnUtkXN|9|6|3|1|8
It's the Most Wonderful Time of the Year|5hslUAKq9I9CG2bAulFkHN|3|6|10|7|8
No Shame|5JSVa5i6lFPoyOzK4gj0Ox|6|9|3|7|5
They Afraid Of You|5CMUThHlepHR8c1xD0QYzs|7|7|3|1|5
medicine|03CbQgFxnBFoaaVJTfEqMD|7|9|4|0|4
My Type|5KBARWIxeMGkvUax9VtVC9|9|9|4|2|6
Nights With You|5q5gzmbBS5yQzos2BvVr1t|8|7|5|1|7
2ollipop|5nL0vuUo0oBm26obUe5Ogu|8|8|7|7|9
Moving On and Getting Over|1crSsvtU9wZB15dIQXV2QH|9|5|4|6|7
At My Worst|2tI4WyzqOOwC23S5m0kqcB|9|5|3|0|7
Be Yourself|7znO2T2deQ7nZUbyxEAMDB|6|6|3|7|1
Jettski Grizzley (feat. Lil Pump)|2VKf0WEOpq06JE5PTNr9wa|9|9|4|8|4
When I Grow Up|0hWzB4dR1zwcokPvccww0k|9|9|4|2|3
Cupid's Chokehold / Breakfast in America|2Lhdl74nwwVGOE2Gv35QuK|8|8|3|1|7
DONT WANT IT|4vsJWPwWPS27gRM4oLjBNO|6|7|3|4|3
Sexual|3AsAuGTaDQzavZZThyYlop|9|6|4|2|9
Nicki Nicole: Bzrp Music Sessions, Vol. 13|2S93hylQBYLndMnaJuso8S|9|5|3|8|4
911|2TksvaRivgAEj780DgRB73|8|7|4|7|8
tolerate it|0PurA4JVJ8YQgSVopY8fn6|4|4|2|9|3
Feel Me|4MdcsdRj7i8eBm0qFjO4L4|8|9|4|2|4
Cornelia Street|12M5uqx0ZuwkpLp5rJim1a|9|7|4|0|3
My Affection (with PARTYNEXTDOOR)|2aSM4sbNN7cSmpYOG0sf46|7|5|3|7|3
Love Is Madness (feat. Halsey)|04CyO54TZk5tEylFg2Df41|4|7|4|0|5
8 Letters|4zRZAmBQP8vhNPf9i9opXt|7|5|3|1|3
Aquelas Coisas|0FqVtQxRD3HsPltldG5v5M|7|9|7|6|10
Holy Smokes|3EpF150nXMSNjiH0bbmXIL|5|6|9|6|8
Pull Up N Wreck (With Metro Boomin)|0Gux2yTMWYOlcBUNjGJu5p|6|5|8|10|2
Junya pt 2|7soCc4TpT99bOhJoCiMqFN|8|8|7|7|3
Instant Destiny|6WCXBUFa0z3l9DoOY3k5Xe|4|9|8|10|6
hope is a dangerous thing for a woman like me to have - but I have it|1PfUKiMDKIlPEF9FfdJawc|5|2|8|7|3
Sex mit dir|0PEwVF6TStGXMTnQMAk9kl|9|6|5|1|5
Cherry|6eGMMPRVYzpssGgednRvzU|4|6|5|8|4
Puta Madre|6cHxkkZ3TZUKsjd13pIO1p|9|8|5|2|10
<3|4MZSqgwlE71CWZ6qQ3gkKm|7|7|3|10|7
Gang Gang|6RKkHI2fkmgZq7uQPPav8f|8|7|3|2|5
Birthday|5hff5RQeE84pznOt8WEWeO|7|8|7|11|8
T'd Up|2Bv0MbaqYx2IrQa7Z6xBT0|9|6|7|8|2
Nada|4K8cyoCDovlc4FvtUr2Hfx|7|9|8|0|8
BPM|2fHZHwEp6TP2ClC1S8ihVN|9|5|7|7|4
Tied Up (feat. Mr Eazi, RAYE and Jake Gosling)|0zC401uLD0oQFxeM4QW1dk|7|7|9|1|7
Runaway|1FBi1YWCAxlRmfuUbMINqO|4|6|3|6|2
Xerecard|1O74aTse7W5hd2rAvnEVaW|10|8|5|4|10
Spoil My Night (feat. Swae Lee)|5VuxWXbt7XENQCtE9TzpTv|7|8|7|1|3
Prominent|4JxvECbZ3Oes1eUrmhQNSH|7|6|4|11|5
simple times|1lNEXDlxVhsWaq2DLBUDgC|7|8|3|1|7
God's Plan|6T8cJz5lAqGer9GUHGyelE|8|5|3|7|4
Closed On Sunday|3JWiDGQX2eTlFvKj3Yssj3|8|3|4|11|5
Diplomatic Immunity|5goGDc74vVREyN8al8CkPh|7|9|2|9|6
Malibu|1UZOjK1BwmwWU14Erba9CZ|6|8|6|8|4
Saint|5RRw66jDLIzgIqwA7ABJ9o|9|7|7|1|1
Modern Slavery|7CRVv14VLogIh8BZLcRpJM|8|8|6|4|6
bloody valentine|6mADjHs6FXdroPzEGW6KVJ|6|9|7|2|6
The Git Up|2KKijf6Ett4kmVNJze2roh|9|7|4|9|9
Faith|3orEOtd8CPL8GFlpRpKuoE|4|7|8|0|2
Devam (feat. Luciano & Ezhel)|4ow1etGbQ8kfbAT3QPlmhN|8|6|6|1|6
Eyes Closed|4UqlViBXM2Aqn4yGHMmRGv|6|7|6|1|1
Make Me Feel|79GsUxLyzxgnN4I1E11dtO|9|5|5|1|7
Dans l'univers|3OmMEncU5Z8hZJVKwAMZpk|7|5|6|11|3
VOCE|1eIS75JS5rfbJpSu6ZC9EO|7|9|5|8|4
Pure Water (with Migos)|63cd4JkwGgYJrbOizbfmsp|7|6|10|0|2
Male|5BxBGvLJdwBBjCYJRdezxM|6|7|7|9|5
Deep End (Lil Baby & Gunna)|16QjPRt5HYK0dnLGmGRCvf|7|6|7|11|4
Bye Bye|5gc6e6b4ZLAxhLeVtgWe9c|9|6|7|11|7
World Is Yours (Lil Baby & Gunna)|0p0jvYdazuWBMC8QacxpUH|9|6|4|6|6
You & I|2afCBiru10AFckfOa49wIa|6|4|6|1|4
La flaca|2LsbizbOeNa4x6qsi2jAMb|9|5|4|7|7
Wellerman - Sea Shanty / 220 KID x Billen Ted Remix|3iw6V4LH7yPj1ESORX9RIN|8|9|5|0|5
Let Me|7Fg342AJtNsIDdwCfX0paC|5|6|8|9|2
Wait (feat. A Boogie Wit da Hoodie)|0SvxydoxEEkXt9aMAqTfpB|8|7|5|8|5
Everyday|4EAV2cKiqKP5UPZmY6dejk|7|8|7|1|5
The Christmas Song (Shawn Mendes & Camila Cabello)|66VenHDtrQAw7FCjyF2J56|4|2|3|2|3
Danny Phantom (feat. XXXTENTACION)|4LYNt6hWctTuZWYiwafuD6|7|9|7|11|9
Ricchi x Sempre|0kHTkvGavvk2MjBTSUtOZx|6|8|10|3|2
working|31sSFHIe4NaxltVFOEIcTa|8|5|4|7|6
Might as Well|572NmogOEHowA9JdNqh036|10|6|6|1|9
Godzilla (feat. Juice WRLD)|7FIWs0pqAYbP91WWM0vlTQ|9|8|8|10|9
Sky Full Of Song|5mdooqkfMvf7LtIFKReUYg|6|4|4|8|3
Mds|0QglpM23kl9ldvVdoYNZwF|9|6|6|6|7
LOST (feat. Kid Cudi)|2H5CLUmtvo2VHEeWzMtUqW|10|5|6|6|2
BOY BYE|6e7hIhOLH9zvb3zP5O5gt0|9|8|5|9|8
Cops Shot The Kid|1vi9adPJiD4d22ybGp25hy|5|8|10|7|6
Quizas|5Id5B3dxJZhPcV9GzgYZZe|8|9|8|3|7
Butterfly Doors|4NdXQlDTzxbOMkzJGWFtz3|10|4|6|5|5
Mother's Daughter|2WyRfGeHo97VC5mP1BBSzr|7|9|3|1|6
Tats On My Face|4TzXqUIcdpAmre24puQ6Uu|9|4|6|1|3
Savage|55CHeLEfn5iJ0IIkgaa4si|9|8|8|11|7
Creeping (feat. Rich the Kid)|7ms3VzLTfr7fXNOqA4Mkx9|8|7|7|8|7
As the World Caves In|2xXNLutYAOELYVObYb1C1S|5|3|5|0|3
Show Me How to Live|21tuvt3CXIsNquc32v8jpc|5|9|3|9|4
Happiness is a butterfly|3lG6OtGDsYAOALxEmubQQm|5|2|2|2|2
MODO TURBO|0YqTL3nSL36OFdHwHoqCag|7|8|7|10|8
Sin (feat. Jaden Smith)|1Jl21sidRpEdlVBvYbssLx|9|4|5|11|3
Rohdiamant ٢٠٢٠|6NpsaQyLvPLjtVLWc26GKu|5|8|2|1|4
Reminding Me|4gqMQftUs22F8pOGVn5Acr|7|6|6|9|3
No Me Acuerdo|1G586ld1gbaECg4Bc6w40O|9|8|4|7|8
∞ LOVE (feat. Guè)|2VyZWWKamfq7kVnh5gMgPd|8|9|5|7|4
Best Part of Me (feat. YEBBA)|0VsGaRXR5WAzpu51unJTis|6|3|3|2|3
Everybody (Backstreet's Back) - Radio Edit|1di1BEgJYzPvXUuinsYJGP|8|9|4|10|7
People You Know|63mdJr3NMY3wReOkNE6c6W|7|7|7|8|7
All Ass|5QxqypupYWHrY8IkGCSObQ|9|8|6|8|6
Tragic Endings (feat. Skylar Grey)|107CfwBqfICzcKur8k7UCA|7|8|3|4|6
My Collection|4Q9vx0KwTiOMaRjOZkaxst|7|5|3|8|5
Menace|3cdxShmWeMHolKPDi3SRXM|8|6|7|8|4
Party Girl (Remix)|0XkmeG97T4mtYlWRJcrxec|8|4|6|6|6
My Bad|1DUSuNhF8P5vUGNPpQiZa5|7|6|3|5|4
Wanted You (feat. Lil Uzi Vert)|790MhTXPFrYkrqCKvpg4t1|8|8|7|9|6
Leave The Door Open|7MAibcTli4IisCtbHKrGMh|6|7|7|5|8
Enchanted|04S1pkp1VaIqjg8zZqknR5|6|7|3|8|3
Real Rich (feat. Gucci Mane)|5t8djD6oZcfAyqF4cTQfFb|10|5|5|2|3
KOODA|1ob7M7lGdLSE0IWi2ymy6x|9|7|3|1|2
On My Way|4n7jnSxVLd8QioibtTDBDq|6|7|8|1|3
HP|1LIqNVhaIgxXUt2eVoIQJ3|9|8|3|4|7
GIVE IT TO EM (feat. Saweetie)|1kvt3N2KmoSAunaEJNrgNM|9|5|7|11|3
MAMACITA|2g1ukx0VolwI31t8z5vprw|9|7|4|2|5
kiss kiss|69LvvkHnFFnX3d5eNObtMo|6|9|7|1|8
Hola (feat. Maluma)|6ayTAnEwP3Yo4DOjLsN5r2|8|8|5|8|7
Bad Romance|5P5cGNzqh6A353N3ShDK6Y|7|10|5|0|8
Rover (feat. DTG)|4slSrbTK1sNK4I1mDYEthf|7|7|2|11|9
Désolé|1kTofMVLsqgP3r77diCPI4|8|7|3|7|6
Your Song|4c2W3VKsOFoIg2SFaO6DY5|9|7|5|1|10
Say Something Loving|728zbo72kOoYdGR3AhNsyF|7|8|6|0|4
Big Bank feat. 2 Chainz, Big Sean, Nicki Minaj|2RM4jf1Xa9zPgMGRDiht8O|8|4|10|1|2
Summer|6YUTL4dYpB9xZO5qExPf05|6|9|6|4|8
Look What I Found|1l9G7M8gNyQsgOGWZGoQsT|9|5|4|1|5
Glorious (feat. Skylar Grey)|3HVr6jTVwBHBa2flM0eURR|8|8|6|0|4
Only Angel|5Lbsc65org0b85kNsPkluY|6|9|5|5|4
Woman|33bURv895AN4FkBvgFo2dx|7|7|6|3|4
Linger|1aLNpg2kKvUncflV8xE5AA|5|5|4|7|3
HP|31UjYv5vLsDkzchJOtUMtW|9|8|3|4|7
epiphany|08fa9LFcFBTcilB3iq2e2A|4|3|4|1|2
LOCO|59c0HrzmHfyQs6LgDw5cHe|8|9|4|1|5
Blueberry Faygo|6wJYhPfqk3KGhHRG76WzOh|8|6|4|0|4
Nice To Meet Ya|0DrFTaAX2srXPkuag35djb|6|9|4|4|4
Clout (feat. Cardi B)|59ywHNwwchG4nZJMLyxSzd|10|7|6|1|5
Ella No Es Tuya - Remix|5YYW3yRktprLRr47WK219Y|6|7|4|6|10
Be Mine|2KklXplRtxMsBYo474Es0w|8|7|5|5|6
Signs|6Na5uKk5SsqZimk0hAWo8y|8|8|4|0|3
Love$ick (feat. A$AP Rocky)|7Kq16WtEJzdRSNQgdXsn7Y|7|8|3|3|8
Gyal You A Party Animal - Remix|1AkTW13ysu0AJrwuM6UY0I|8|9|4|0|8
Been Like This|7y3xU9vEC1s8DSuuoSYKih|7|6|4|10|2
Medley da Gaiola - DENNIS Remix|7rLegaz7zKB6EtDNzcslKE|9|8|6|4|7
Don't Die|6SKP6d0DFOBemCvThbuqUj|4|9|3|0|1
POPOPOP|18HNGxDOcshRU2Hdu8tMOM|9|7|6|0|5
Who's Laughing Now|73h4oe03sZy8bXfQLfnqMv|7|7|9|7|6
Upgrade|1FQpGAJiQgVd65IIBYkRVP|7|5|7|0|6
Guardian angel|7uqcLJFlSYjVPLUz1vPxkY|8|4|6|0|8
Status (feat. Lil Uzi Vert)|6KhmSJf9FvdAcq1tr8LcYD|10|8|6|6|7
Can't Love|2dKtWPLZvbCzwLRliNn8UI|9|6|6|4|3
Signs|5EnYT6F7wEcdege6mDHEfO|9|8|4|0|3
Fly To My Room|3QH8rQGNFX8VLbCgZ7uPTS|8|6|5|11|6
Baila Baila Baila|7uH27oIt4a6cIFCA8ZPcyG|9|8|4|11|6
Mala Mía|62o8KoI44JfN7aYxgTnPvh|8|8|9|6|10
Forever Ever|2c3qwFINQyRGwyqI97UQiA|7|5|3|0|5
Can't Take It From Me (feat. Skip Marley)|1MBtNXoT6cXrrSstG07Lf7|7|9|6|11|6
Adore You|3jjujdWJ72nww5eGnfs2E7|7|8|4|8|6
Mama/Show Love (feat. YBN Cordae)|43IfdE75ficQgsI8QGBvwb|6|9|7|0|3
SOS|0n2nEtLP3OzDdi12ziIekx|9|7|4|5|4
Si Me Tomo Una Cerveza|3lCbsHaN1wCxyDzcNN2x4N|8|7|3|1|9
Try Me|2poOAWEj1CStqTVPgIHZ8s|6|7|3|8|2
I Do (feat. SZA)|1f5PNhkNgUpvDEeZfcIlO1|9|5|6|7|5
MORE|6juLaduD4STCUDWT0AYun4|7|8|6|1|2
asmr|2QgfDF0fQ4sskDthP8MG5w|9|6|8|1|2
Investe Em Mim|15k1TDabqSEmyXOwMq9RM7|7|10|7|9|8
Psycho (feat. Ty Dolla $ign)|3swc6WTsr7rl9DqQKQA55C|8|6|6|8|5
Calling My Phone|3J8EOeKLTLXORtWPpOU5bE|10|4|4|4|3
Fell On Black Days|1wlKw9NAWVWpx7OIAyg9EA|6|8|4|4|6
Elevate & Motivate|5Tp5zlCgbwXLMa3pgYsNMl|7|8|7|1|5
You Owe Me|1USJRpWDFhxwhCajPXBeel|7|5|3|6|4
Feelings Mutual|5Y3Tj0wJhKAaPbwWxXxZGS|6|7|5|0|4
Patient|2ZrHbO88rM6Ijeg0aJmSzl|7|7|8|1|5
Only Wanna Be With You - Pokémon 25 Version|3SawmGBjjq8EOYZJV11cJm|5|8|4|7|3
Mean It|5ACkb3CikcSZPF0h7FSZAp|8|5|4|7|4
Maniac|7hpJ9tATWb2vztlq99hERP|7|7|4|8|6
New Freezer (feat. Kendrick Lamar)|4pYZLpX23Vx8rwDpJCpPTA|9|7|6|0|6
'Till I Collapse|4xkOaSrkexMciUUogZKVTS|6|9|8|1|1
Party In The U.S.A.|5Q0Nhxo0l2bP3pNjpGJwV1|7|7|4|10|5
1400 / 999 Freestyle|75lcPkAkUsKWHGBlGM476R|9|6|6|6|6
Test Me|3qLwtC9jEWugjkzyZlYgeg|3|2|5|6|1
Personal|1UVuZnfWsGvS9TzZTVIkdv|8|6|6|8|9
Vaccine|5Qs6gTnyrG0KGYbuCzoK5k|9|7|5|4|6
Sweat|6ZHRi0QxzSnlevyhyNkj4a|6|6|7|7|2
Venetia|3BYIzNZ3t9lRQCACXSMLrT|8|8|6|9|6
The Remorse|1cCXT1cErAY6tmIqHbodrt|5|6|2|0|7
Der Bratan bleibt der gleiche|2M39v73rNJmAXUXIW0oagP|7|8|4|0|7
Someday|6aDsgHPZsMztSbZernzlF8|6|7|5|0|3
Siren|7Bvp5JUJiyUrMgvH4DR0wH|6|8|7|4|3
Adriana|4G3gFk4oyvt8klQEVJBzea|8|8|6|7|7
Bad Boy (with Young Thug)|43CIWpJaJHRcI4mUSjqgc2|7|7|3|1|2
I'm the One (feat. Justin Bieber, Quavo, Chance the Rapper & Lil Wayne)|3DXncPQOG4VBw3QHh3S817|7|7|3|7|9
Ne reviens pas|4TnFANpjVwVKWzkxNzIyFH|10|8|5|10|10
DadBod|2Wf2u3sZ8rR1sdiBuSbeR0|9|8|3|11|8
Hate Me|1FxTz4x5X7ewAICkKhB3kA|9|5|5|10|7
My Only Wish (This Year)|0YWUHZPJVg4iujddsJDwhM|7|9|7|0|8
Freak|3aA6xB0tOilDDX17fIJ0Bl|7|8|5|7|4
Piece Of You|5jpNBhgAk5OmfB0W5i5NaO|8|7|4|6|7
Elevate|4uloft7ZE54WflsuqFmjC7|8|5|3|1|1
Chama Ela (feat. Pedro Sampaio)|14kRWkCWBYfQqILflEcpSJ|9|9|7|6|10
Supera - Ao Vivo|3GmJxfnUDrIs1iCfKUELFz|7|8|6|4|7
Mariners Apartment Complex|6OG05bPAwUuV3OMvy2Vy1P|6|3|3|9|2
Talk About It|1XRTXNP8eLpWXfso8Q4dC5|7|6|5|2|6
The Ultracheese|3PhbzvTllkq1rkULafc6ns|5|6|6|9|5
Olivia|5dONhl6aXFuN86UBdayF6W|7|7|5|6|7
My Choppa Hate Niggas|2D2w9943rsnJOGCrI4aMQp|9|3|3|0|2
New Light|3bH4HzoZZFq8UpZmI2AMgV|9|7|5|7|9
SWISH|55GiOwtxNajXVbpjjIzMnD|9|6|4|11|3
Look What You Made Me Do|5troof8mcGO3AafoDbk1gc|8|8|6|9|6
Big Pac|5C6WBcv7ILoSpREAZsnArO|8|8|6|11|6
GIANTS|5C0ivQMxes2lWuOANhvVAm|7|7|7|1|6
R.I.P. SCREW|4SZepBIPDRwPaHIjAKwRDb|7|7|2|0|6
Toma Toma Vapo Vapo|5VTjBl3ddZEiG2LrH4VzyR|8|9|8|4|9
Dear April (Side A - Acoustic)|62ljuuXo0zrcrtJnnOhfxT|5|2|5|8|3
Bruises|4Of7rzpRpV1mWRbhp5rAqG|8|4|5|4|4
Bella|4R55IUi2x7S5ek2SpebOiE|10|5|4|3|9
No Judgement|5IUOU5xkzGHsRFOYNu3GSK|8|8|4|1|10
California|0ZJLssJk51m0r4j9OvXcju|5|5|9|9|6
Photograph|6fxVffaTuwjgEk5h9QyRjy|7|4|4|4|3
peace|7MbT4I8qGntX4fMdqMQgke|7|3|7|5|4
I Love You|11Fo4dAH31K7UZHGqCkCmE|7|9|5|0|8
Borderline|3O8X1DE9btbzy4UH9cSX9a|6|8|4|0|8
Maison|78YdCUtMzJEPdWeFEtTnIO|10|5|6|1|7
Enemies (feat. DaBaby)|6UFEJuDXQMWhL5UH5f9fUR|6|7|3|6|7
feel like shit|2EBnvom1dTybtm75a3Xh1T|6|4|6|7|2
Split/Whole Time|62hpoPrA3rtfeX1aWONig5|7|5|7|9|4
What Do I Know?|2pJZ1v8HezrAoZ0Fhzby92|9|5|5|1|9
Skepta Interlude|2dfqS3MRtbLZSZA1IL8xY5|8|9|3|7|5
fake smile|3wFLWP0FcIqHK1wb1CPthQ|5|7|3|9|5
Call You Mine|1SNiXDwSilLujcYdvfqVpT|6|8|4|7|6
Gorgeous|1ZY1PqizIl78geGM4xWlEA|8|6|3|7|5
BiPolar (feat. Quavo)|5Ta1sXtO9tXOaUacYm7tH8|8|6|7|8|2
Tenerife Sea|6vSwxzO2Qf4BinHSXRwZJe|6|4|5|8|4
High For Hours|4WfjYOo0JxommRm1PyObJl|9|5|4|1|7
Solo de Mi|4uP3pUP18ennmz0tb3GphR|8|8|8|10|2
No Problem (feat. Lil Wayne & 2 Chainz)|0v9Wz8o0BT8DU38R4ddjeH|7|8|6|11|8
Breakdown (feat. Demi Lovato)|6g478D6h32WUmvtlhcpbNE|6|7|3|0|5
Mamichula - con Nicki Nicole|4pXW6ZAHBz7ODXTRKklWrM|7|7|3|4|4
lovely|1NJcg626wLln4pGHpiV7mf|4|3|5|4|2
Guapa|5FsV0biZgb8tmQtau5LxKz|8|8|4|5|8
BLOW (with Chris Stapleton & Bruno Mars)|7hvO2qCwJVZxiyoA7c9i5d|7|8|3|1|6
Say It Loud - I'm Black And I'm Proud|1sYRkVKdT2ize1HSDCwbEF|9|6|5|3|10
Redecorate|2XPmTamsj7d9i3gzLCL4JI|7|7|3|8|4
UnFazed (feat. The Weeknd)|5O8x1YlmLQopQHErxtDfi9|8|8|5|4|5
Whoopty|1RSzyxqtIO4yX3EyiV4zT5|8|7|6|3|8
Allergic|4LIbjDbLweGCrHVw8QbMSb|7|8|6|0|6
Don't Hurt Yourself (feat. Jack White)|78eouBKVRyhbSzJwChr6QM|7|7|6|9|7
Christmas (Baby Please Come Home)|46pF1zFimM582ss1PrMy68|4|8|5|8|4
Pills & Automobiles (feat. Yo Gotti, A Boogie Wit Da Hoodie & Kodak Black)|4YkwUfWSIxdKNLDXw0caFO|9|7|6|7|7
DÁKITI|4MzXwWMhyBbmu6hOcLVD49|8|6|4|4|2
Go Legend (& Metro Boomin)|3nWzRkoCa44adZZ00li9sF|7|6|7|1|3
Ella Quiere Beber - Remix|2cYnZNzFRFK0H7vSNxPsUq|8|7|4|8|7
Everything Has Changed (feat. Ed Sheeran) (Taylor’s Version)|7qEUFOVcxRI19tbT68JcYK|5|7|3|6|5
Shit Changed|3JDPPLA5oReVAkrEDcBllG|9|6|7|9|4
Right Now|43wzy7JxMEfvCh8ZFeZKYk|6|8|4|6|6
Mad Love|79JBjIq90BrQ8Ws0pUhlzD|7|8|10|0|7
break up with your girlfriend, i'm bored|4kV4N9D1iKVxx1KLvtTpjS|8|6|8|5|4
The Search|3oLe5ZILASG8vU5dxIMfLY|8|8|5|2|4
Daylight|1fzAuUVbzlhZ1lJAx9PtY6|6|5|7|0|3
Too Much To Ask|2NkbRmygVirMQFCjSkyY7Q|6|6|7|0|3
Hot Now|4Q3HHwkLVwHrSVad0RUz3V|9|7|7|1|4
Smokin Out The Window|7sMBvZCSUl99bJLXZaLa0b|7|7|3|2|9
UP IN SMOKE|01vR5Z7AHinp9D2wu2BNQS|8|7|3|4|4
Saved My Life|5cpw6QKJcoXzpNBLNUJx2i|7|6|5|8|4
Lie|07FkzikE6FuHIa8Ma7zJGc|6|7|4|5|2
Good Old Days (feat. Kesha)|2Za1AlJNvksouPPWbXpR2X|8|6|5|8|3
Sobrio|4HzqWEdAbzcVFDv0pvxV4w|8|8|8|5|7
You Make My Dreams (Come True)|4o6BgsqLIBViaGVbx5rbRk|8|6|8|5|10
Let Her Go|2jyjhRf6DVbMPU5zxagN2h|6|6|3|7|3
Family|3TKpJrY9q49Mj1JOsM9zGL|6|7|5|11|4
Merry Xmas Everybody|3iwZ8hg0q1kTBB5kjg0nO4|4|7|6|7|6
Lost In Japan|7wvYmO5QscgIDDT0eNwbYX|8|8|4|7|5
Make You Feel My Love|273QnyCvJB65rScHJ1nPZb|4|2|2|10|1
Killer (feat. Jack Harlow & Cordae) - Remix|7zl7kehxesNEo2pYkKXTSe|10|8|4|11|9
So Am I|0uUNN1nSoUx1A4fkDCWDQ7|7|7|6|6|7
Sturmmaske Auf [Intro]|2nvUC76Xju4HuqIFXeiCyI|5|8|3|3|4
Cruel Summer|1BxfuPKGuaTgP7aM0Bbdwr|6|8|8|9|6
Bang!|53BHUFdQphHiZUUG3nx9zn|8|6|6|1|7
Depression & Obsession|2H3wWrnO758y0fPH7Ilerg|8|2|4|11|6
Turks (with Gunna & ft. Travis Scott)|7IMwEtpAiJanqF6vQteZN2|9|7|5|7|4
In My Feelings|269xqcgGTN9PlivhUkOLhX|6|7|3|2|4
Losin Control|4cxMGhkinTocPSVVKWIw0d|8|3|4|6|3
Hot2Touch|1sBhJGPUKrdRycgKxve70v|8|8|5|1|9
Smithereens|5G6Gt9RtNaeIE418pd4yre|8|6|7|6|6
BILLY|1Caok88z2uxMiPt4oV055r|6|7|8|4|8
Coño|5DV4ZSCqbFv74ui3ZhimXo|9|6|4|9|5
Hard 2 Face Reality|0sPJELXHyWpFgkxlzvvRFI|7|7|6|7|3
MÁS DE UNA CITA|4EJHKSnHENfjOxXWryyNtL|9|5|4|5|4
Filter|0ono6UCNVZ1XqOm6j78Blu|8|8|5|10|9
SUGAR (Remix) [feat. Dua Lipa]|438wODjSTL2jgn1nePaNew|7|6|5|8|6
Supalonely|4nK5YrxbMGZstTLbvj6Gxw|9|7|6|7|9
Used To Love (with Dean Lewis)|7pWK1kMgHy5lNNiIfuRbkP|7|7|5|4|4
MIC Drop|2SYa5Lx1uoCvyDIW4oee9b|7|9|8|6|6
Soldi in Nero - feat. Sfera Ebbasta|1Xm2e1vDwOMeJJioWuG1s7|8|7|7|6|4
4pm in Calabasas|6C9SwoZ5OrxcvkntgA5t8s|8|7|9|4|6
Me llamas (feat. Maluma) - Remix|5hEM0JchdVzQ5PwvSfITeX|8|9|4|7|8
Different (feat. Yung Bans)|3thLnNvO9IctWoccbsZyJV|5|6|3|8|7
Emotionless|5Psnhdkyanjpgc2P8A5TSM|5|7|8|1|1
I Forgot That You Existed|43rA71bccXFGD4C8GOpIlN|7|4|4|5|6
28 Liter|1Y8V7yhFFrFjzBQtOH4ap7|9|6|4|1|3
Crushed Up|7wcyO1rrH3Ru4t659IjG41|8|6|7|10|6
Old Town Road|2RegUmAI4EGqpXXx95rBMB|10|6|6|1|6
Midnight Train|1A85fOmviQuGgkF6Lww6Nd|8|6|4|4|4
No Auto (feat. Lil Durk)|5erLs80hB2TbFWgSAbVQpe|8|7|7|11|7
Merry Christmas Everyone|4rRIovg4TvxLUiUrpGI6lE|6|10|10|9|10
Sei Lá|7aAiQcMSunHj82SWq1qkUw|7|5|6|5|9
Party In The U.S.A.|3E7dfMvvCLUddWissuqMwr|7|7|4|10|5
Fiel - Remix|43qcs9NpJhDxtG91zxFkj7|9|8|4|6|6
Ballin' (with Roddy Ricch)|3QzAOrNlsabgbMwlZt7TAY|9|6|4|7|3
Oprah’s Bank Account (Lil Yachty & DaBaby feat. Drake)|7wsmIIm0xWmtP7TmACXkJn|9|7|6|0|9
Go|4RgoqOBE34Q6zZj8K7RUAx|8|9|6|5|6
Trap Phone (feat. Capo Plaza)|7iBEOLwjgoPVOXBNKwdoiq|8|7|5|1|3
Hotline Bling|2FBUoWkIuQXwayw2RNo5l6|10|7|6|2|6
Learn To Fly|518miTxc3a15X7HB8FgJUW|6|6|8|1|7
Garden Shed (feat. Estelle)|6ACiYjq5Q7e6BlhZEHz7cd|5|5|5|2|2
someone like u - interlude|3Os1431WclqyKxWqMzRESE|7|6|5|5|2
Te Soñé De Nuevo|5s8LepdwU0THzpd0M7nLsa|8|7|8|7|8
Intro: Serendipity|7iV733e1KacKrFRaBNxVEf|5|6|6|8|3
Thunder|0tKcYR2II1VCQWT79i5NrW|6|9|8|0|3
Sand In My Boots|0uRrG2jRR5tuifsYIJHEao|5|6|2|3|5
Love Me More|6uYgCE2OEulOw5zhHvZsHf|7|6|3|10|3
"Carry On (from the Original Motion Picture ""POKÉMON Detective Pikachu"")"|3y3brCCecHC3Db18aIOnny|6|8|5|9|3
No Drama|5Jq958VQwRyQFujau4TMKD|8|9|8|5|9
The Greatest|6bLopGnirdrilrpdVB6Um1|7|8|9|10|7
Pass auf wen du liebst|5NsCv3I7o0f6vSQScG01f1|6|6|8|5|4
Big On Big|3BoPOp7YNORLqMUjE5XAh9|8|8|6|0|6
7 rings|6ocbgoVGwYJhOv1GgI9NsF|8|4|6|1|4
25 million|2lUDBd7JrgAMltcp6dcd7D|8|5|6|9|4
Vuelve|0lJCqIx5BhZtf6QtYI2fbv|8|6|6|1|3
Doce|152WIAB8132LWxC8Eftmym|8|5|6|6|9
Worry About Me (feat. blackbear)|0wsfdPl7p3yKjQBmHQsaDn|7|8|7|5|6
The Man|3RauEVgRgj1IuWdJ9fDs70|8|7|5|0|7
Nur mit Dir (feat. Xavier Naidoo)|6hh1ikcv3CPsq3a7e9ItNR|8|6|6|7|4
Water|6HEIBHUirx1J0JkUD24szt|8|3|6|0|3
Playinwitme (feat. Kehlani)|43cFjTTCD9Cni4aSL0sORz|7|6|7|1|7
Bilmem Mi?|6wbDn8NI3ygkOeDJiS0ASi|8|8|3|3|5
You Stay (feat. Meek Mill, J Balvin, Lil Baby & Jeremih)|4U6ubKsTd8RBDP5tPPhh7I|5|7|5|7|3
I'm Gonna Be|1ckLp8lCl8LipXI0ypX72m|8|6|5|5|4
Friday (feat. Mufasa & Hypeman) - Dopamine Re-Edit|4cG7HUWYHBV6R6tHn1gxrl|9|9|5|2|9
You Deserve Better|4S1GTwPVpkSy7CsJIDKPEz|6|6|4|6|7
I Want It|6RsRMf9e4KUyo3MecGffNL|3|7|2|4|2
God Is A Dancer (with Mabel)|6fenHIxXuuzKB55wY4WCHP|8|8|5|1|9
Tal Vez|46lvmzK8wxAy66tjzXXSh0|9|7|7|8|8
Troca|6HV630GY0GT3RN2efFRmbP|8|7|4|1|9
Broccoli (feat. Lil Yachty)|7yyRTcZmCiyzzJlNzGC9Ol|9|6|7|8|8
Issues|1sXUWdKx03aP9Gmzft58rt|7|5|5|8|5
Alocao (With Bad Gyal)|6RyuoOJXNzlVWpfC5xQyeI|7|8|8|11|7
I Would Die For You|39vly7Z4VLImfggnEDEUzf|7|4|4|9|3
Good News|1oZq1wMYbEkr7ovRV7OWty|6|6|5|10|6
100 Bands (feat. Quavo, 21 Savage, YG & Meek Mill)|5duCElafuovM4ZSmkQL4hn|9|5|4|9|2
You Got It|4lsHZ92XCFOQfzJFBTluk8|8|5|5|5|4
De Museo|267NGliXM8YLVZiKAD9Otm|6|5|6|4|3
comethru|18uwL0vNUanqZH0ro2QcOP|8|2|4|0|7
Kids See Ghosts|0ORk2pZ1dogkyfcdFfFKt8|8|8|4|6|4
Black Swan|24NuEDgyRIljwSyY0lsr7b|8|8|7|2|5
All Bad (feat. Lil Uzi Vert)|021lWIHJrURZrmvYQ1xcM8|10|7|6|6|7
美女と野獣|1KT0xdIjm7t053xByACrrg|6|6|3|6|3
Los Dioses|7oHsIIDKbEJlFULg1HF0pP|8|7|7|7|3
Alcohol-Free|6HTwoo4dUOvePNqMsTarPA|7|10|4|8|8
WAKA|6o79O9qBP3OAkWOXajAQIS|8|9|4|0|7
Sleigh Ride|597IVBYr60vm0HKjgOnztJ|7|3|4|11|6
Mayores|7JNh1cfm0eXjqFVOzKLyau|8|9|4|5|9
Points of Authority|5egqKwgK5r5rvGD1LrtR7J|6|10|4|8|5
WITHOUT YOU (with Miley Cyrus)|1EHUQesfVKwbthtNcpBi9g|7|5|4|0|5
SWAG|2ap9kKsIEiWa4bzsjqACEx|9|6|7|8|9
all I know (feat. Trippie Redd)|1vuUbnY82fCNjfzqjLmblw|8|7|3|9|4
Leave Me Alone|14mHfNsSHN0FbLftyjrV9g|8|8|7|7|8
Hesitate|7fiFJADUcHwTdYLmnZeLAy|7|5|5|2|3
Second Emotion (feat. Travis Scott)|1PnAx788sAvcI3ZxTlEyX8|8|8|6|11|10
Yellow Hearts|2W4yABdLc4Jnds67Poi5Nl|9|5|6|7|7
Conan x Xenia|1mfmCQWZhV30L4Aj8ytMLz|8|8|7|2|6
The Apprentice (feat. Rag'n'Bone Man, Zebra Katz & RAY BLK)|67fRHOlaYQQFG67D9DkdnW|5|7|3|11|7
Saturday|60dwJ8dnqZ4WrIdiu7LkNR|7|9|5|8|9
Untouchable|4UgoXTsKI19EdofRMiqhp0|6|9|3|7|7
If You Leave Me Now (feat. Boyz II Men)|2iLGgm4O5Hia8aSfSzXS3H|5|3|6|9|5
Hear Me Calling|5UYK9MervBCROg8AHNeEIy|7|8|8|10|6
Boredom (feat. Rex Orange County & Anna of the North)|5WNYg3usc6H8N3MBEp4zVk|6|6|3|8|3
FAIS ÇA BIEN|0xdp7mJS34hDsLrO6TPCp3|6|6|6|4|4
Tell Me Why (Taylor’s Version)|0k0vFacOHNuArLWMiH60p7|6|10|4|7|6
Drip Too Hard|1BxkZE73h9BN3qwuA15TA3|9|7|5|1|4
I Am|0DJBgBiYeSn6n1AXAkFVE8|7|6|7|8|4
Strip (feat. Sharaya J)|6XkEw1h2Hq4fGnSm0JuSIs|7|6|5|11|5
Thought I Knew You (feat. The Weeknd)|5vAEnWrHxLv78uwZrAJcX6|8|8|7|1|5
Tap In|4Hpib09wXgD84w4uwTPnYD|10|7|4|10|5
Outro: Her|3l8yQMdniG6Os8gUBNXV57|5|10|3|3|5
Get Me (feat. Kehlani)|5VwwpU7KsLhgfbMEecedhJ|9|6|4|6|8
Revoada No Colchão|4kGdnA7FzSVsXC29LPghej|8|10|8|8|10
changes|7AFASza1mXqntmGtbxXprO|7|4|2|11|6
BOP|6Ozh9Ok6h4Oi1wUSLtBseN|8|8|5|11|9
Drop (feat. Blac Youngsta & BlocBoy JB)|61TklWcG8PbT5hvUTzwLaY|9|7|7|8|7
Hymn for the Weekend|3RiPr603aXAoi4GHyXx0uy|5|7|3|0|5
Trip|6CTWathupIiDs7U4InHnDA|5|7|3|11|4
Stop The Cavalry|2bPQuniBB9x0fRtxDly0kr|7|4|4|9|8
The Night We Met|3hRV0jL3vUpRrcy398teAU|6|4|3|2|2
We Are Never Ever Getting Back Together (Taylor's Version)|5YqltLsjdqFtvqE7Nrysvs|6|7|8|7|8
E-GIRLS ARE RUINING MY LIFE!|7bCfHiRcfUjG0YVVNUL7Ve|7|10|3|1|4
Dynamite (feat. Pretty Sister)|2Ae5awwKvQpTBKQHr1TYCg|9|9|4|9|7
Anpanman|4lRwa7PKcGIuJMwtPIYKdy|9|9|4|1|8
Ride It|2tnVG71enUj33Ic2nFN6kZ|9|8|5|7|9
Vem Me Satisfazer|63SHcJzckFykS8faA5zojY|9|6|4|8|6
What I've Done|4kfm1uI9QGaoN9qm6CkAMn|7|10|5|5|3
Bohemian Rhapsody - Remastered 2011|1AhDOtG9vPSOmsWgNW0BEY|5|5|2|0|3
Dominick the Donkey (The Italian Christmas Donkey) [with Joe Reisman's Orchestra and Chorus]|1BB9hv4471pPlNqOAnDglV|9|5|5|8|10
Momentz (feat. De La Soul)|2RCp9QBnFSxdKe8RD4xF8s|8|10|6|0|5
Houdini (feat. Swarmz & Tion Wayne)|3lay6f81Lhy0qp2Uvp4cNJ|6|6|4|10|8
Obsessed With You|4PYfFHKfjYz6dwAtZhBy1z|8|9|6|3|10
Light It Up (feat. Nyla & Fuse ODG) - Remix|0L7loeTIg6akW84aEQZpCT|8|9|4|9|8
Antes y Después|0YbXuCsQwrsh5x0hgnED6z|8|7|8|1|6
Secure The Bag|7gHZGXSJzM29WA384suYY2|9|8|6|0|6
Manicomio|3n58u3LOFw8mITLvfPvQBz|8|8|9|8|9
My Little Love|2DuPBbS5mIldXnh7Wum8Cy|4|5|7|1|2
Alleen|3UDsmMZsEMsvM82OcdqJWu|8|8|7|3|10
No Hay Nadie Más|3IPJg1sdqLj12kFIndaonN|7|4|4|6|9
Leave Your Life|0YbI9lWxUBsCJLb6EBydkr|6|6|3|2|6
In Your Eyes|7szuecWAPwGoV1e5vGu8tl|7|8|4|7|8
Invincible|2xKDKtJBLDPd7BF3VmSQQO|5|6|3|9|4
Sine From Above (with Elton John)|0zzsyWc45eUcSjw4FNHxeN|7|8|5|0|1
Blinding Lights|0VjIjW4GlUZAMYd2vXMi3b|6|8|8|1|4
Rose-Colored Boy|2RJfK2pOvGpnxC255YOy5k|8|9|5|5|10
You Owe Me|3ZBksMOUTbOTIgIwV0RaLg|7|5|3|6|4
Fingías|7o0oY5wRcoV7oPuDhD2J1z|8|9|9|6|4
Break My Heart|1raaNykBg1bDnWENUiglUA|8|8|5|4|5
Answer : Love Myself|4eVkn18rN4GguUWOsR6Use|6|8|4|1|5
Don Don|3kml9ZdpT7UYk1ugkjqOzt|9|9|4|5|7
Make You Feel My Love|7rPLZ8Krm6CZIbraFUlnWZ|4|2|2|10|1
Male Fantasy|4ak9GGe6afmi2HbxEjvhIC|7|3|5|2|4
Did It Again|01Qb6dN5suQNu87VJ1mIpf|7|6|7|1|3
I'm a Mess|04ZTP5KsCypmtCmQg5tH9R|7|7|4|11|3
positions|7igeByaBM0MgGsgXtNxDJ7|8|9|6|0|7
Only You|5SleX0NFeODNY7Xenal3gr|6|6|8|5|5
F9mily (You & Me)|1ABQT5SxlUTNapSbSzblGx|6|6|8|0|5
Wheels on the Bus|2plUcsOZm6pi1kFUncqLni|8|7|4|7|6
223's (feat. 9lokknine)|29ZXwWOOLz9t5fa3eT3i7T|10|6|4|0|7
Own It (feat. Ed Sheeran & Burna Boy) - Joel Corry Remix|49i5Qn3zXsMBPsSOmYAFut|8|9|5|0|7
Doom|38Vh0iUlilcvnBNWS4saSD|7|5|3|0|2
DiE4u|2gT72HL4Y84K2Mle3miAMJ|4|10|7|7|3
I Could Be The One (Avicii Vs. Nicky Romero) - Nicktim / Radio Edit|2bNrvWD9d5Zn9tS8XvcaMk|6|8|6|6|7
Bloody Waters (with Anderson .Paak & James Blake)|0YOXGfOvoxzAl9XkxH8eEK|5|7|9|8|2
ON OFF (feat. Maître Gims)|554Ip3S1rbeES9TNWXGoK1|7|5|4|9|8
Kids in Love (feat. The Night Game)|1Bxzw8ag71snOU9IbhXVD6|5|7|5|0|4
Shaky Shaky|58IL315gMSTD37DOZPJ2hf|9|7|3|6|9
Una Vaina Loca|2qEoAz0i6yEz5dPggABcLH|9|6|4|1|6
Faz Gostoso (feat. Anitta)|2SC14LGDbRWRlyLg9Wupa0|8|7|6|10|7
UFF|6XjEOPgbgHKcaHcunEHSJJ|9|9|6|4|4
Ramenez la coupe à la maison|1m0UFnuTktOkksvjbF9z0m|9|7|4|0|9
Secrets|66W1rVTnEv86dIkFhoiElg|9|8|5|6|8
Cara Italia|7K8krdGeSIvwDGw1WUqJuK|8|8|5|6|8
Only|1uRBbjQ3uNFXCncWyNomHf|7|9|4|9|5
ON (Feat. Sia)|3IB5qOeMayvpOdHxYCL5tZ|6|9|4|9|4
MONTERO (Call Me By Your Name)|1SC5rEoYDGUK4NfG82494W|6|6|8|8|8
Party Girl|3IJYUaN3tx04S4TYyZHKoP|8|5|6|6|7
Outnumbered|4Ta3PhWmY50ZLU1uhKFKPE|7|7|7|0|3
Dreamer|0wUxh6XMc698xPCfgBaPRV|6|7|4|5|2
Deep Pockets|3IvMYBE7A3c7to1aEcfFJk|5|9|3|7|4
Mr. Perfectly Fine (Taylor’s Version) (From The Vault)|2CYVETnhM9aytqrazYYwrK|7|9|6|11|8
Be Careful|2Yl4OmDby9iitgNWZPwxkd|9|6|7|6|6
TIC TOC|4m5Cd9kAbIxg6t9sMrQWtk|9|7|6|6|7
Tequila|7Il2yWQmsqKgSkLQvHTPUI|5|6|3|11|6
Get Low (with Liam Payne)|1CKd1PnqfYx0H12V9MSaIY|8|10|4|1|6
2U (feat. Justin Bieber)|3A7qX2QjDlPnazUsRk5y0M|6|7|6|8|6
Toosie Slide|466cKvZn1j45IpxDdYZqdA|9|5|3|1|9
El Farsante - Remix|7uYgVgRSgqluZclLS7wpp4|8|8|5|6|4
In My Blood|21YnmkSDhUkmkkni22Svc4|7|8|6|5|5
Cuddle Up, Cozy Down Christmas|1deT8vP3lOVU3XFAKHsSc3|7|6|5|1|7
The Cut Off (feat. kiLL edward)|3rFF7kSm5qBOOPs6ljFgPp|8|6|3|1|4
Hey Stephen (Taylor’s Version)|550erGcdD9n6PnwxrvYqZT|8|6|5|6|8
R.I.P. (feat. Rita Ora & Anitta)|6JqpFboOH2bq9pzaYbkKBn|8|8|4|8|7
Closer|7BKLCZ1jbUBVqRi2FVlTVw|8|6|4|8|7
Today Was A Fairytale (Taylor’s Version)|2JoJrsEV15OzbijS47lids|5|8|7|7|4
WHATS POPPIN|1jaTQ3nqY3oAAYyCTbIvnM|10|7|7|11|9
Get Me|6zGPytJiZmFuyVq7RTNO9G|9|6|4|6|8
GPS (feat. French Montana)|3t6j6WNv2OSn6qm5Vxynub|9|7|6|4|7
Báilame|7lRsNbdOGykkMAgsqs4R1C|9|9|4|6|6
Look at Me!|2oUuLLKS8WbF7ELJcwbqms|8|8|6|1|3
Summer Games|4HG1YiGBseVKzjyKcmAJen|8|5|6|1|2
Bad Boy|5GKwq4sO5ZHKuWaDmdwMQc|8|8|7|2|9
Esskeetit|44KKhCyI0BGS6LvVyDqJtH|10|6|6|11|7
Coração Na Cama - Ao Vivo|2nZj5YymF54qhAu7RneVP6|8|8|5|8|8
Crowded Room (feat. 6LACK)|2C0hTkdEoikhKzDCJl32QZ|8|5|3|7|4
WTF Do I Know|37PJvlIfYWqEX6fgjHlnTf|6|9|7|4|7
THE SCOTTS|39Yp9wwQiSRIDOvrVg7mbk|8|6|6|0|3
Für Euch alle (feat. Samra & Capital Bra)|78CLZUWhsxIDwObCKOh1fh|8|6|7|11|4
Time Flies|5H4mXWKcicuLKDn4Jy0sK7|9|5|3|10|5
Botella Tras Botella|2MnLkFqY9Rpg9s3Zv6ZJdK|8|6|4|0|7
Free Fallin'|5tVA6TkbaAH9QMITTQRrNv|7|5|3|5|6
Titanic|1QoG0Yqz1onMsdbOibZVke|6|6|8|1|3
Daechwita|0H4ugk6rhnXmTl47ayy9O5|7|9|6|8|3
Machika|6MNGxu8MprKGkchUchkJsy|7|9|10|9|6
All I Want For Christmas (Is My Two Front Teeth) - Remastered|4FQJyi8gnbhKy623wNx6Ps|8|1|6|9|6
Taki Taki (with Selena Gomez, Ozuna & Cardi B)|5BRUlCrkTljRTux8BUPUDp|9|9|4|11|7
off the table (with The Weeknd)|7E1jVNoWuemqUryI4FxsVD|5|6|3|0|4
Dubai Shit|5TRaIECBIfSkeqkKoG6psm|8|6|6|10|3
Demon Time (feat. Ski Mask The Slump God)|0gcbrwbpdxGHE9nW0TCoKP|8|7|7|11|9
Girl|43NqTeL8pgBxKHPMiJKUP5|8|8|4|6|7
Old Town Road (feat. Billy Ray Cyrus) - Remix|6u7jPi22kF8CTQ3rb9DHE7|9|7|6|6|7
Cold Heart - PNAU Remix|7rglLriMNBPAyuJOMGwi39|8|8|5|1|10
What You Know Bout Love|1tkg4EHVoqnhR6iFEXb60y|8|6|3|10|6
I Warned Myself|3707IBa4HnS3zDDoWfeUBl|5|4|9|10|6
Pretty Boy (feat. Lil Yachty)|0f1G5SHFoFC9lO03gHCGVS|7|8|7|6|7
this is me trying|0j5renyfv1ChCoe1ca7bDP|6|5|6|9|5
Bebe (feat. Anuel AA)|6SIrNxmmdbv1KUbFBu1PaN|8|7|8|9|6
RITMO (Bad Boys For Life)|6cy3ki60hLwimwIje7tALf|8|8|4|10|7
4th Dimension|5cQMfg4AEejKUfNA44ZGep|6|5|5|0|4
Sky Walker (feat. Travis Scott)|1DRW9bQzt2SE8f7H4KJZyL|7|8|7|6|2
Outro: Tear|5p10VwQ8LRoyTc8LFrvPw6|8|10|6|6|5
i'm so tired...|2iwS33Jfev1QBiuhWVWZHY|6|8|4|11|6
Santa Claus Is Coming to Town|5Ber68jZ7ytegr2UISEdb7|6|4|5|10|4
STILL CHOSE YOU (feat. Mustard)|637YZncqOkeFzcTmr7YijJ|8|5|4|5|4
Love All (with JAY-Z)|4VCbgIdr8ptegWeJpqLVHH|8|6|3|2|2
Racks 2 Skinny|568OIKgeHyGRD3uWR44JbO|9|6|6|1|5
You (feat. Travis Scott)|4qS2KPWvsQzLvRa9oCHw41|8|6|5|1|4
Trigger|0Z26mbSHJ1dkUu7g9DDgif|6|6|4|8|4
Enemy - From the series Arcane League of Legends|5UlnuulVAVmmesw4VzqHdG|8|8|3|7|6
5 in the Morning|62VpKdGyA7OIyUCj3a3LPU|7|8|4|1|4
Felices los 4|0qYTZCo5Bwh1nsUFGZP3zn|8|8|4|5|8
Run For Cover|6Xyn0CrKfHeAo5eI8I1cDj|5|10|8|5|5
Venice Bitch|3hwQhakFwm9soLEBnSDH17|4|3|3|9|4
Ode To My Family|1eQuRtkMEPhf2DGzpBVTE6|4|5|4|7|2
The Less I Know The Better|6K4t31amVTZDgR3sKmwUJJ|7|8|5|4|8
I am not a woman, I'm a god|5RhFmJifQe83FpQ6ZFFTZ5|6|8|8|6|5
Do You Hear What I Hear? - Remastered 2006|35z5xJpu76nakf65i1BCMl|6|3|4|10|5
Harder, Better, Faster, Stronger|5W3cjX2J3tjhG8zb6u0qHn|9|8|5|6|7
Jocelyn Flores|7m9OqQk4RVRkw9JJdeAw96|9|4|6|0|5
You Wreck Me|0YkbYk24ODhuewb79zZZzM|5|9|8|10|8
LALISA|7uQZVznj0uQOGC9KhV2Mg6|9|7|7|8|9
Forever & Always (Taylor’s Version)|1msEuwSBneBKpVCZQcFTsU|6|9|6|10|7
Letterman|4EsYkJjHKMejYLp54woB9c|10|7|6|10|3
Mon Ami|1R4xkZXQUQ8QJtAdwHkSgC|9|8|4|8|6
King of the Clouds|50Hv5NZIM0puIUoBttjpfb|3|10|10|2|5
Fair Trade (with Travis Scott)|40iJIUlhi6renaREYGeIDS|7|5|8|1|3
You Be Love (feat. Billy Raffoul)|12ip0ceCeszDTDFxDY1AXJ|9|5|5|4|6
The Days|5Iy2Jj87Ha0C0IBlNE1I4y|6|8|5|0|6
Tip Toe (feat. A Boogie Wit da Hoodie)|6ztvsy3C6hPjVg9j4x1XKJ|8|7|4|1|6
Go Crazy|1IIKrJVP1C9N7iPtG6eOsK|8|6|4|0|6
Djomb - Bien ou quoi|0KBwGCY9RYD9t2zjeW4h48|10|7|5|1|7
3am|1OfLNb6dQ9dra1B58iT9Ex|4|9|9|0|6
Teen X (feat. Future)|5uYqmEN6TAAE8ss8YmprNV|5|7|9|1|1
DODI|63THFs9ovzO3WQsz4lzh0H|9|6|7|10|4
MAMACITA|24IgCW19L8lXKyFZwzFtD3|9|7|4|2|5
I'll Be Home for Christmas|0tXPhc8LvM4dPvoRwI66XQ|3|2|3|7|2
Guiding Light|3qzp4hb3YaRIkezSceqpRR|6|7|4|7|3
I Didn't Change My Number|7bcy34fBT2ap1L4bfPsl9q|9|5|6|9|7
Higher (feat. Nipsey Hussle & John Legend)|6O10oTtZIZ4DkkUqyfCbrR|4|10|3|7|5
HOY COBRÉ|0tjZv2hChdHZCW1zFXpy1J|9|8|7|11|4
Patience (feat. YUNGBLUD & Polo G)|5J5CpT6bgE6KYKk23jgp9W|7|8|5|7|5
No Me Conoce - Remix|4R8BJggjosTswLxtkw8V7P|9|8|3|10|6
obvious|0q85C1JiECyYIQthz1posA|7|7|7|0|3
La Jeepeta - Remix|6bvfJf4KjonPMuPfGfy3S2|9|8|8|4|8
New Rules|2ekn2ttSfGqwhhate0LSR0|8|7|5|9|7
Nights Like This (feat. Ty Dolla $ign)|7e4KQkp5ZR1gXCAalRjX6B|7|8|7|8|3
Richer (feat. Polo G)|7HsjuVBM93Z2RoxjpWLgTT|8|5|6|1|8
What U Sayin' (feat. Smokepurpp)|4at9j7aC7FvDlsllpOvsAC|10|6|5|7|7
TATI|6kp0inxIexxSiDJfWqq0ZL|8|8|3|11|6
Higher (feat. Nipsey Hussle & John Legend)|5FYvEl2ThSP9THRBuB1qRB|4|10|3|7|5
brutal|6SRsiMl7w1USE4mFqrOhHC|7|6|5|4|3
Ela me Falou Que Quer Rave|0JdkDCdrhMOaeXjIZdeBXN|9|7|6|4|10
Heart Of Glass (Live from the iHeart Festival)|5GK1GYXH16RdfmltogHhAk|6|10|5|4|5
Last Memory|66XXCMX3Na7KNfm5e0tOVZ|9|7|5|1|2
A l'Ammoniaque|6aH3QgooXRmx8k8jzrSm3V|6|4|6|9|2
Run It Up (feat. Offset & Moneybagg Yo)|1dg3qy5DjoJodawfOCgrTP|9|6|5|6|7
Curve (feat. The Weeknd)|2yuyaYAELoMG4ApV5wJsWR|8|5|7|8|4
Levitating (feat. DaBaby)|463CkQjx2Zk1yXoBuierM9|8|9|4|6|10
My Universe - Instrumental|2sp32rIevQhpbo0Z4aQzoe|7|6|4|1|2
Zoo York (feat. Fivio Foreign & Pop Smoke)|3Ddny34bFoYBb8dIGq5lwp|6|6|3|6|4
Yesterday|7nXk8UzwYn0bKNH8NVz6xO|6|7|7|4|6
Propaganda - Ao Vivo|74n5d5M21JnC4WJ6gdkggK|7|8|8|2|8
The Lighthouse Keeper|2WUVQQAsWvScEdBVilRYaR|4|2|6|0|4
Filthy|5ZpjODX6OH1xZs3AOewTO6|8|6|4|1|7
Dig Down|7JhTr0G0gr3ESY3B9uqPi4|4|5|9|0|2
7am On Bridle Path|42m3eP1JJhtzffal9B136J|8|6|3|5|2
At My Worst|0ri0Han4IRJhzvERHOZTMr|9|5|3|0|7
SPLIT DECISION|0l4CWlipuaIS4vzsNNWC4V|4|3|8|1|3
Wannabe|2CqMWqcHywYRvwzdw2Wh4P|10|9|6|2|8
Oh My Gawd (feat. Nicki Minaj & K4MO)|2tjbSkPKKH1GFUhSr96tq0|9|9|4|7|9
Lie Lie Lie|1jOBlsvKhdqjZAlUAia4Qz|7|9|4|7|9
positions|35mvY5S1H3J2QZyna3TFe0|8|9|6|0|7
Te Vi|059bcIhyc2SBwm6sw2AZzd|9|8|4|1|8
Sacrifices|0xl1w2q4VLojeXp4JfazPL|10|5|6|8|6
Better|6zeeWid2sgw4lap2jV61PZ|6|6|4|0|2
I'm Gonna Be|4hDoWaIklSVAKLocU3IDBr|8|6|5|5|4
SCOOP (feat. Doja Cat)|6bpq1jGkVz66Q3LYeoXdjZ|9|6|8|6|6
Santa Claus Is Comin' to Town|75clRtmtXSkZsPm6SjjQ5j|7|2|6|7|7
‘tis the damn season|4GBkffrtA51p17JH35irGA|6|5|7|5|4
Somebody That I Used To Know|1qDrWA6lyx8cLECdZE7TV7|9|6|6|0|8
I Can See|3R8CyhJfVjvgIROd5RSGhQ|7|6|5|5|1
Change|3pjUyVbFmM96tYhSaKJwTt|8|6|4|11|3
None Of Your Concern|1nal3Tf1OCV53KigMZXsZ7|5|6|2|9|4
RICCHI E MORTI|2sCkQ5AoGNKy0urYd2E3BT|9|10|5|5|6
Spoiled (feat. Pharrell)|20SBt8RWsCwOqdBbzova1C|9|6|4|8|6
I Don't Want Your Money (feat. H.E.R.)|3FHXUqaUer9o231Je1zxIN|5|7|3|8|8
Santeria|4LKSaRoKNnlpKXTT663BrT|7|7|3|8|1
Good Drank|39pS70eeDvyCAF3t8NAlVV|9|8|6|4|4
Anti-Romantic|6Aw4ogv0H5cbKfHDqIyruw|7|5|6|0|3
The Ocean (feat. Shy Martin)|2CPqh63wRVscbceKcPxwvv|7|6|3|5|2
We Are Never Ever Getting Back Together (Taylor's Version)|31CdkzHnMbvJuKZvtCQfR6|6|7|8|7|8
gold rush|5BK0uqwY9DNfZ630STAEaq|6|5|5|9|4
Solar Power|3KdoeNlEN0BoAKWzaRLNZa|8|5|3|4|9
Traicionera|79Jhw5xn4gGn6PZak275gg|8|7|3|11|7
Red Light Green Light|1YDebgap5OFwXEBG18NJvy|10|7|5|2|10
Soltera|4T4CZ3Q4z3GG7lU720YYhM|8|8|3|5|9
Lo Siento BB:/ (with Bad Bunny & Julieta Venegas)|4gzsuuZypVbxs0Af1LSZyB|7|8|8|4|2
Mixed Personalities (feat. Kanye West)|6vWEAOUSxohKxhp0K1BsxL|7|5|7|2|4
Skechers|4z2JaAVPemYJhFKm7e32RA|10|4|4|1|3
Veneno|1KFN3kB4hc6r7ILpifFsqf|8|8|3|4|3
Get Along Better|5ScbulRnixQ2XAdvrPMFjz|4|5|8|8|4
Life Is Good (feat. Drake, DaBaby & Lil Baby) - Remix|4iiWcajF1fEUpwcUewc464|9|6|6|5|6
Hard Work Pays Off|6gzIcEUuswJQGfJNPYMjjv|8|5|6|4|7
Famous|19a3JfW8BQwqHWUMbcqSx8|5|8|8|6|5
Easy Love|2ZE3DJuizYTad2S4CvRRhK|8|5|6|2|3
Dynamite - Instrumental|6QBZlIxCB2lAPU2bM1ut1p|9|7|5|11|7
PILL BREAKER (feat. blackbear & Machine Gun Kelly)|7jjnn6K7p5MgOFuqLypAcM|6|8|7|2|3
White Dress|4Hl9rOqYomojCmxYfr25im|5|3|5|0|2
El Efecto|4SJHHpKhcuXwDsCsPqshXj|9|8|3|0|9
Molly Hearts|4J4SkI6qmb5ngZVw9mf9op|6|8|3|11|7
Bad Girls, Good Vibes|7IxGslFZA5QhgXbUsDmcjf|9|4|6|7|2
TRAGIC (feat. Youngboy Never Broke Again & Internet Money)|13EW51DKru044OJDJ9Bm8o|8|7|3|8|4
120|3KJ3opyV29269SXkPrc19l|7|7|8|2|5
Final Fantasy|7ijJ5crvsnCvCLJbHpyq3j|5|5|3|0|2
BOOM!|2PsZsnqSMXt4oKi0xHVvgF|9|7|6|1|8
Tell Em|7nc7mlSdWYeFom84zZ8Wr8|7|8|7|5|5
Starving|6875MeXyCW0wLyT72Eetmo|7|7|4|4|5
Green Light|1WC5UN1U79gJlxGLYDGIO7|7|8|6|9|3
Dance To This (feat. Ariana Grande)|1NbGcdgwRHZ5rbPIT9hdR3|8|8|5|11|8
The Other Side Of The Door (Taylor’s Version)|1cSFlSBdpT4F5vb1frQ231|5|9|8|4|7
This Week|3yIZgYN7AKO3cDueyhpuCS|9|6|6|10|2
Just How It Is|5KYhIFNTp4VQUqlsbLWTTu|7|6|3|7|7
Suge|2gwkD6igEhQbDQegRCcdoB|9|7|3|2|9
Fuckst mich nur ab|0y8mJFmm4ogCHnfe0oTuT6|9|5|4|1|3
Everyday|6zOhgKfbMiQWToE6K13s2s|7|8|7|1|5
Into the Unknown|3Z0oQ8r78OUaHvGPiDBR3W|4|5|7|10|3
Im Schatten der Feigenbäume|4RXaGSgu3taiAD1ZjZtnF2|7|8|3|5|5
Dream Girl - Remix|099tjv6oy2opbpCOA3nBwX|8|7|8|5|6
Run|6KL88T4Ma4ABXqzgUoEwkd|7|8|5|11|7
drivers license|7lPN2DXiMsVn7XUKtOW1CS|6|5|6|10|2
i Shyne|0AcHbiMs86CCgprvc7E1gs|8|8|6|8|4
Danger (with Migos & Marshmello)|0nhVrTiCGiGRCoZOJiWzm1|9|8|4|9|4
Levitating (feat. Madonna and Missy Elliott) [The Blessed Madonna Remix]|0pk1hxhJLBSZZ5RKBhcwOa|9|7|5|11|6
Gone Are The Days (feat. James Gillespie)|1MGGLyAMVQo3T9gSEBJjyH|6|5|5|4|3
Black & Chinese|2GByM82VgSrwywP6MVZmsm|7|9|7|1|4
Amanece|1LiN0Z98FkR1t0m8KmLcAH|8|7|4|8|9
Wow Wow (feat. Becky G)|4Yip3hds5IHyT7AqoNHfmX|8|7|8|5|9
Tony Tone|52eYVUkFTOVozbVFIaFrnV|6|8|2|1|4
Iced Out My Arms (feat. Future, Migos, 21 Savage & T.I.)|2ClE3QfsNx9p0zjPKxmUYq|9|7|6|11|4
OUT OUT (feat. Charli XCX & Saweetie)|6Dy1jexKYriXAVG6evyUTJ|8|9|5|8|8
Midnight Sky|27ycaQnQAxaPiyeg3nr2aB|8|9|4|4|3
ZTFO|0z36JaXXoFXuPuQucKEsdx|8|6|2|1|4
Soon You’ll Get Better (feat. The Chicks)|4AYtqFyFbX0Xkc2wtcygTr|5|2|10|0|5
Silence|7vGuf3Y35N4wmASOKLUVVU|6|8|6|4|3
You Only Live Twice (with Lil Wayne & Rick Ross)|50ceCGZ3oD3U5caQV5bP6f|6|9|5|7|8
Get It Right (feat. MØ)|68m6iwhKElLTBaGRG1LLwE|5|9|7|0|3
That’s It|5n6gBhdEjCuj3obgCoTEFD|10|6|5|11|6
Dynamite|4saklk6nie3yiGePpBwUoc|8|8|5|6|8
Runaway|1v1oIWf2Xgh54kIWuKsDf6|5|4|5|11|2
Candy Paint|42CeaId2XNlxugDvyqHfDf|8|7|3|4|5
MEGATRON|1ZDmxwg7Lywlx68b7SsJjj|9|7|4|1|8
Always Remember Us This Way|2rbDhOo9Fh61Bbu23T2qCk|6|6|6|0|3
Nobody Can Save Me|3dJj6o9o1fRgrojWjailuz|7|7|6|11|5
Heatstroke (feat. Young Thug, Pharrell Williams & Ariana Grande)|1N90cV79gbBgO0bOs74Y0t|8|8|5|0|8
Radioactive|6Ep6BzIOB9tz3P4sWqiiAB|5|8|6|9|3
Wolke 10|14f1n3XCW3fQhAODW0CwLK|8|8|4|10|4
The Happiest Christmas Tree - 2009 Digital Remaster|4WN9xLkAeINLPLaoeZ9ZW9|5|7|10|0|9
Side To Side|44ONERBHALxftQNWq6dmyd|7|8|7|6|7
Zero Saudade - Ao Vivo|1hs2hRwPfyFLoYIf6jY1W7|6|10|8|6|9
Just for me|6OTKVgVpVaVjhRLYizPJKA|8|7|6|0|7
Demons and Angels (feat. Juice WRLD)|3L19besdNQzd342qL78xqm|9|6|3|2|2
Rich & Sad|2VdT56BGpdqNHUgOe1j5vc|6|6|7|2|3
Famous|2HGymMoOdB4ZYv0AAqYmgF|6|9|7|5|6
12.38 (feat. 21 Savage, Ink & Kadhja Bonet)|011ZwIM48eD8ee2UBpG8nK|7|6|8|5|5
Réseaux|2nY6MRHWpW0AGXMoGDJOjX|8|7|7|1|4
Solo Dolo, Pt. III|27oVCAziETRbNuo5A8LNpg|6|8|7|10|6
The Git Up|5dW1VZPcFqB4n0P08rGDgm|9|7|4|9|9
Walk On Water|4U9arGcc4ATa7shChhLQP0|5|8|6|8|5
El Incomprendido|2mL37yB3f3Lfy4iiXV02Qf|8|9|6|11|6
More Than You Know|71bBFbfn2OBK5QwUJSLS44|7|8|5|5|6
Walk It Talk It|6n4U3TlzUGhdSFbUUhTvLP|10|7|7|2|4
seoul (prod. HONNE)|73ipE4lfZ53pvBbJPXkiEK|6|7|4|0|5
Respect|07KegcFokV4bBD1GvO1j6L|7|9|3|0|6
Sweet Dreams (Are Made of This) - Remastered|1TfqLAPs4K3s2rJMoCokcS|7|8|5|0|9
September|1mqlc0vEP9mU1kZgTi6LIQ|7|10|5|9|10
Dark But Just A Game|1dBBmAddRRIw6GwF7dPz6z|4|3|3|0|2
STOOPID|1jQvUmf16VE9WQCPuK2e8K|8|7|7|11|9
Salem's Interlude|0v75ti1d2M6pd0sC42UNNN|5|5|3|7|5
Kafa Leyla|1BEo3epznRQuYhuQH8bZu9|8|9|3|11|9
Meia Noite (Você tem meu Whatsapp)|6sPBi0qLI6KM3yXX56NxsA|8|9|7|11|10
The Beautiful & Damned|2WWruw7ul9N7eqoHELyMc2|7|9|5|8|4
7 Am Freestyle|1hHe7cirScEJWgAS0JFqTL|10|5|6|0|6
Be Like That - feat. Swae Lee & Khalid|5f1joOtoMeyppIcJGZQvqJ|8|7|3|7|4
13 Beaches|4mq14Qa6OehdiyZFtHcdCH|5|5|6|7|3
Lucid Dreams|0X8DcetL926BYiPJYstJTc|6|6|3|6|3
TELL ME WHY|27BBfeJZBFlZ60Sgx7iOgL|6|8|7|6|5
Kids in Love|2UxfcZJCphbEkfbZ6nLiDx|5|7|5|0|3
Somebody To Love - Remastered 2011|4rDbp1vnvEhieiccprPMdI|5|7|4|8|4
La Haine|2AHJLtc81zIfj9EKcVEzmJ|9|7|4|5|6
No Comprendo|5ezbc8nalmV7JqLQQfHwTV|10|5|5|9|4
Everyday|6yL2kTsdVwYnGwPkKGtMd5|7|8|6|7|5
What That Speed Bout!?|5iZ5wjTTxSIv8Cfrhj6Jla|8|9|4|10|3
Musica leggerissima|5vYXOk1umkpp7JhXZm6rDI|7|9|5|2|7
Rockstar Chainz|0NXeZp31dd0cJ9t8FdKsTg|9|6|6|2|3
What You Been On|7qOzCXU1vO8iATCDgYAUUh|8|7|6|7|4
King|1Wh5LO3TWAvaeDrwp4FZgo|5|2|4|0|1
AM Remix|05bfbizlM5AX6Mf1RRyMho|8|7|8|6|8
Mit Dir|26FNTVsgF4m31xvDgFfhGW|8|6|9|1|7
Sé Que Te Duele|5vZfgeDfNhlkKeJqjzSAmg|7|9|4|9|8
1999|05mAIVLkIWc2d1UBYZBCp8|8|8|5|7|7
PTSD|3jT2LKH0RSbQ8jIUNFzXm5|9|9|5|1|9
This Ain't That|07NMFSwppnky8JyIQIxAQZ|8|7|3|4|3
Reborn|2Cbm6GtXnMurwRhvefK7sp|8|6|5|8|4
Wanted You (feat. Lil Uzi Vert)|1Faq8G2y56A8fRv7HsLq25|8|8|7|9|7
difference (interlude)|5itzep0nGnq7hxCfFNsTIR|6|1|4|11|2
What Do You Mean?|3pzjHKrQSvXGHQ98dx18HI|9|6|5|5|8
Pero Ya No|75pQqzwgCjUOSSy5CpmAjy|9|7|7|4|8
200|5b06JZjts6dgyyuY1m7roq|9|7|7|1|6
Me Gusta|5Xhqh4lwJPtMUTsdBztN1a|8|7|3|1|8
Fallin' All In You|5I8oEqbk2ZBmQfXCrZbUFb|9|5|3|8|8
I Wanna Dance with Somebody (Who Loves Me)|2tUBqZG2AbRi7Q0BIrVrEj|8|9|5|1|9
Checklist (with Calvin Harris) (feat. WizKid)|5xesHO6GLWTrjsKOjAXRmf|9|7|5|1|8
Jangueo|1bRpSCFv6P2OUhciByeRYR|9|7|4|8|8
NO HALO|694vvR5o19xHPhhJ5QdLN7|7|6|8|4|5
Instagram|0U6bQIAh6MCGo1xjbIIx2S|8|10|4|8|10
Shonen|3Z8gDycWX48tv06vVRMQtg|8|7|6|9|4
Already Dead|2quVkyLSVr5wX2QIhnexUt|8|5|3|1|2
Flaws And Sins|2BSbCCbaSCzkOEZa6N5901|8|7|7|8|5
Castle on the Hill|6PCUP3dWmTjcTtXY02oFdT|5|9|6|2|5
I Love You 3000|5DuSzOxHDi1qZycpzIWyhO|7|4|3|6|5
Eminem Speaks|0WSTCrEsC2rsM8zavpfM5I|7|3|6|11|7
Birthday|7tt5I7ztXfKzZRqyL2FCYb|9|6|8|0|8
Shivers|50nfwKoDiSYg8zOCREWAm5|8|9|6|2|9
Whatever You Want|4NbffevAm9frDOlBMDp0hl|6|8|3|2|3
Infinity|1SOClUWhOi8vHZYMz3GluK|7|7|5|11|5
Hard Times|0w5Bdu51Ka25Pf3hojsKHh|7|9|5|5|10
Sweet Creature|13sXuI5RjMHm7dz7O3spYs|5|3|4|7|3
Roadrunner|0BwO44CBPFWxAIO5ZbPf3N|8|7|4|7|3
Caroline|5GFDrUTLGJix84sNhjCG0g|10|4|5|10|8
worst behavior|6KIKaWKE9wV6mLjho3w61y|8|7|4|5|5
Jonah|3gWzTnziivUYzqXtnvgN8q|5|5|8|9|2
Baguettes in the Face (feat. NAV, Playboi Carti & A Boogie Wit da Hoodie)|2zjGJ0dChMR0KxBZS15aqo|9|6|4|2|4
FIND MY WAY|1lGHa2pwYzxQHFBUynhLtO|9|7|4|4|7
Never Be the Same|6VpQdig9pdpTSIFItgkJV5|7|8|6|0|3
Places|6O85MfGECKBqAK2MgSbCaj|8|9|5|0|7
make up|27356GVuMPFWiJSZCragoM|7|8|4|7|5
Stunnin' (feat. Harm Franklin)|2JSmxLqt8h7ZpJJkfuLJvK|9|7|4|11|10
Meant to Be (feat. Florida Georgia Line)|4e4fqjx0Izh4svvTef1z7e|7|8|7|10|6
Momentary Bliss (feat. slowthai and Slaves)|5zZWKugaE2ZmnZN77HVfUH|7|9|7|9|8
Uber|4oZhBLWGhtIyBckervj3sb|9|6|5|3|4
Por Eso Vine|5qN1G8fSHq4Sv5FRoOkNGu|8|7|9|8|7
OKRA|74ZovzRxHBvCq5yIwe8boh|6|6|6|1|5
Nacht zu kurz|6rc0vqoHYtF1J79fsIo9ia|8|4|6|7|3
Save Me|2UwbhMie1EAYuTZ0QXeMwl|8|3|6|9|2
Dance Monkey|2N8m6CYs74qQO4mjVcXO30|9|6|4|6|6
Not In The Mood (feat. Fivio Foreign & Kay Flock)|25GyyK9CyZRiDCsPY51fIT|6|9|6|8|4
Si Supieras|7MRU4vOkywuhZ9kbFiPuiu|7|9|9|9|7
Levitating|39LLxExYz6ewLAcYrzQQyP|7|9|4|6|10
Merry Christmas, Happy Holidays|2il7ZxLzVhPxMHNidnsa3I|7|10|4|5|8
Enchule|0S9ZVNTNRzLMgb96tmmG1u|8|7|3|0|6
Tattoo|7na7Bk98usp84FaOJFPv3d|8|7|9|9|8
Syphilis|4dOmgE4ULbySxpeGObN8RL|8|7|7|1|4
Time Warp|4WFeJTXNHIS2wURtwlAkhu|4|7|8|1|6
Bande organisée|6YzQOngfcV0W9F8UOTnEEK|10|10|6|6|9
Cry Baby (feat. DaBaby)|4aarlAfLKVCTxUDNgbwhjH|10|5|6|11|7
Intro-Résumé|7kQMPnMzK1bykUxmF4QXbV|6|6|7|0|4
Jingle Bell Rock - Daryl's Version|6pVW5LRWgeLaHudxauOTJU|7|9|6|2|9
Lovesick Girls|4Ws314Ylb27BVsvlZOy30C|7|8|6|6|5
Plastic Hearts|6qCsKKS7Ol63SJW3LOIX5R|6|8|8|2|7
Moon|1xfXXujIlLZAx5wpu46Nyk|8|7|6|6|7
Small Talk|4NmE2ytXI8S2svTRSmEdpO|9|7|5|5|7
She Gon Wink|5oeKHrUHPT4lUKrDRVlWNp|8|8|6|1|3
Dile la Verdad|6qP73DRFGojLuIk1siIhNE|9|8|4|7|9
Quiéreme Mientras Se Pueda|34LI7rwi9H8w2S5KTHnv1M|8|8|6|4|9
Scared of the Dark (feat. XXXTENTACION)|3vWzyGTu6Ovo1GdrcJqH6e|5|7|3|0|2
GANG! - prod. Strage|1ZCzbEj3F8SqqtKSupWaBo|8|10|5|1|6
Secrets|3DX4Y0egvc0slLcLl31h2p|7|8|4|0|8
STAR WARS - prod. Young Miles - Crookers x Nic Sarno|2umL0eO9N7iNxDay6i2rVi|8|8|6|0|6
Candy Paint|6VFMGKuYTlaYgbhvILfbc7|7|7|9|4|5
Jingle Bell Rock|1cImYkHOQMFE7AZC9aOk4y|8|4|5|2|9
Toxic (with Lil Durk)|4blMQHONplzay3YkNIUlcn|8|6|5|6|2
she ready|2jey6aQoRNao7Ou9ftOXFC|9|8|7|0|7
Big Drip|4qOesAYiMiMFiZrn2wfkl6|8|6|7|0|5
Lean Wit Me|29tc0GbW0pTSBZSCZF3NWk|7|7|8|1|3
Radio Ga Ga - Live Aid|0YwBZKT8JE4U5TwmYE9BV9|5|10|5|5|4
I Always Wanna Die (Sometimes)|3HPpOFmDibEO06Z2q4ZN5u|4|5|7|4|1
Shots Fired|3yhhv0VCmKkAWD9ysDLpTE|9|7|9|2|5
LOVE AGAIN|2fhePAlCSsJplwkjqMYpVm|6|5|3|5|6
Gucci Gang|43ZyHQITOjhciSUUNPVRHc|10|6|5|5|7
GEH DEIN WEG (feat. Loredana)|3yFmG1luaLjuHWI6BGmwxJ|9|8|7|5|6
200 km/h|2PGA1AsJal6cyMNmKyE56q|9|7|7|11|5
Bad Company (feat. BlocBoy JB)|3ZYwSDF9knZI0RVlKR4PHC|10|6|6|8|4
Chasing Pavements|0Z5ok0QLLttAKsujOZYOXf|7|5|3|5|4
Easier|4tNXntkAzQ5A2dfYRYGIIQ|6|5|8|5|7
Who Do You Love|5rAtoPMDrOFN5wLdM6YmRx|6|8|6|3|5
I Think I'm OKAY (with YUNGBLUD & Travis Barker)|2gTdDMpNxIRFSiu7HutMCg|7|8|5|7|3
Just You and I|03x2rVJRFUrvwlfxoHd9Mo|6|7|3|9|6
Hold Up|0rzNMzZsubFcXSEh7dnem7|6|4|3|0|6
Heather|4xqrdfXkTW4T0RauPLv3WA|4|5|4|5|3
Mercy|4TZy1wLyHec06pwgFYDh1a|5|7|7|11|4
Lelele|31Zs71Yb7YoPlFx2p1uKRX|9|7|5|1|5
Oh My God|2U12JbtnFSYa5Av5wEcEDX|7|6|7|5|6
Thunder|2USlegnFJLrVLpoVfPimKB|7|9|4|1|5
Shotta Flow|4dAMdQ6g4kGmnc1MDHsg77|9|5|5|9|5
2002|2BgEsaKNfHUdlh97KmvFyo|7|7|4|1|7
Un Millón de Primaveras|6j5LtifAnuTjTYvml61yFZ|8|4|4|3|9
Φ. THEVIE RADIO|4URf8X1z0ZGaPemh0dKx2M|5|5|6|6|3
Motorcycle Patches|4ceMuukXWzAQRYRYXalJMS|9|7|3|5|5
AYA|4IJEw3fDvS6XF4sDc3bvjK|8|7|9|5|7
The Christmas Song (Chestnuts Roasting On An Open Fire)|3eYnKe0LhQA1B5HEkQaRTP|6|5|4|9|2
Plug Walk|1ZAyjvIk9YiD76yYy0TEG6|9|6|4|11|2
XXL|0p3euGPg5LgFeQGC7bBFuR|8|6|5|5|6
34+35 Remix (feat. Doja Cat, Megan Thee Stallion) - Remix|3jjBPF4NDMCU51psU8JPpR|9|7|4|0|8
Lean (feat. Towy, Osquel, Beltito & Sammy & Falsetto)|5DoLhdU27owX1NMrKLUbUl|9|7|8|6|10
Rockin' Around The Christmas Tree|5gpImN0eqlucE3a3r121SF|6|6|6|10|7
Gassed Up!|15Y949TGjUppdT78h0S49P|9|6|6|6|5
Runnin' Down A Dream|6rdEEYHsLavlklAypD5cre|5|9|8|9|8
jealousy, jealousy|0MMyJUC3WNnFS1lit5pTjk|7|6|8|10|7
Rent Money|4Zxdw0Hno7YDu0IzvY76Qo|7|5|8|1|4
Love Me Less (feat. Quinn XCII)|2tOOcDDYkh0PSjr6GwPEAJ|8|9|7|11|8
Mos Definitely|53LkLW4k4w7EOayzvx70O9|7|9|2|10|8
All of Me|3U4isOIWM3VvDubwSI3y7a|5|3|5|8|4
the light is coming (feat. Nicki Minaj)|5iZ4hcpCgFVijq5OOjBTKZ|9|6|4|6|7
Ransom|1lOe9qE0vR9zwWQAOk6CoO|8|7|8|7|3
Mannequin Challenge (feat. Juice WRLD)|5TnLXSd4h6G06Fbt2ApOpa|9|6|6|1|5
Bum Bum Tam Tam|4zWO4gvuFtw6EJZC5FFGlr|9|7|6|1|8
Two Ghosts|4B1rpPmQXwj78wk6aIGwwU|4|5|2|6|5
In the Dark|1GO9vCm5Cra5uWGSWQ5mGK|5|6|8|7|3
Bad and Boujee (feat. Lil Uzi Vert)|4Km5HrUvYTaSUfiSGPJeQR|10|7|5|11|2
Reminder|37F0uwRSrdzkBiuj0D5UHI|8|6|7|8|4
Lemonade (Feat. Roddy Ricch & Don Toliver) [Remix]|5sBplhIrmzA4kQGyIOpmDf|9|6|6|1|4
Shotta Flow 5|1orjH4IkSH9VrWmRCToKV8|9|8|6|1|8
Anti-Romantic|44tTqUi3xi7E28QLzHVdUA|7|5|6|0|3
Ink Blot|732btJLGu7gYNHHNdzshrG|8|7|6|11|4
Baila Conmigo (feat. Kelly Ruiz)|4Clmg1g8n2yBYG13Z1oSdG|8|10|6|7|6
Thinking out Loud|1Slwb6dOYkBlWal1PGtnNg|8|5|3|2|6
Overnight|3s3VVLE1kB7Xk2AoJKlGmr|9|8|7|1|9
F*****g Fans|3RkNXZvOSMMElmmXztDc94|8|5|3|4|2
ON GOD (feat. Young Thug)|572BChNcXOIvtfn2TGmTKc|8|8|7|5|4
Bad At Love|1H38sYlpu36Qoibsb9lMG4|7|8|5|0|6
Jogo do Amor|3MxbRHE1u74SoMNR9iURIZ|8|6|7|1|9
Bang!|5FQPpxOXsvkMN6v18gtpwY|8|6|6|1|7
Fun Tonight - Pabllo Vittar Remix|70FhY7hwautR5xB1qnHzVn|7|10|6|11|9
Castle|6P2ffRHZZ8CdH3GfWq71Ci|7|9|3|7|3
Want You Back|2vHfabj6nFebekTYODqntl|7|9|4|0|6
Jerry Sprunger (with T-Pain)|6JsHgIkMYHcbNtKfsal2Mg|8|8|4|0|5
POP/STARS|5sbooPcNgIE22DwO0VNGUJ|6|8|8|7|4
Krvn|4a1WLOoydq7u011UG9jjC9|10|6|5|8|2
Birth Of The Cruel|7I6p0xNYahHpUUXj785URX|5|10|7|11|5
Swing|4DbhxwlkhTbCTqlZptxmI6|8|7|4|8|6
Good In Bed|6uAFJ75WDAoAPyCWJAtvks|7|8|4|5|7
A-O-K|1sx0XsWUusUoPstbvokZjP|8|7|3|11|9
Trivia 起 : Just Dance|0usLRFLmYXYahKNgXxsuJc|8|10|5|1|4
Free Smoke|05KOgYg8PGeJyyWBPi5ja8|8|5|6|10|3
Dream|0bZFa5DZcx9HWx25m2Nd19|5|7|6|2|3
The Man, The Myth, The Legend - Interlude|0veNpTQFqfmTX0rsJmO2rO|7|5|3|2|9
Dancing Queen|0GjEhVFGZW8afUYGChu3Rr|6|9|4|9|8
shots in the dark|6e7jXXhVt7lOj07fffOdJl|6|7|7|6|6
Want To|0CBFOvHlyqy30Q5tbyNHfQ|6|7|3|8|4
enough for you|2TOzTqQXNmR2zDJXihjZ2e|7|3|3|7|3
These Days (feat. Jess Glynne, Macklemore & Dan Caplen)|5CLGzJsGqhCEECcpnFQA8x|7|9|3|0|6
Ladders|39NDBdU5Xkm5pCFGa5kZtI|9|5|4|8|3
Queen|17FyWGvqby379Q92sn23jW|9|7|6|1|10
Rosenkrieg|6DiaHETMcKdX7FwuGXwp1O|9|9|4|1|6
Criminal|6Za3190Sbw39BBC77WSS1C|9|9|3|2|9
Summer Days (feat. Macklemore & Patrick Stump of Fall Out Boy)|40OMBMYRk5IQL6xCzGM0JA|7|8|5|5|4
Said N Done|11XegnWeJHBDtj9IsNwngu|8|6|7|11|5
Wolves|7EmGUiUaOSGDnUUQUDrOXC|8|9|5|11|4
Wake Me Up - Radio Edit|6g1NlCpW7fgqDnWbCCDrHl|6|8|5|2|7
Skifahren (feat. Joshi Mizu)|1E1YyZjbteIz2XQyLvtRxD|8|8|6|5|5
Litanie contre la Peur|4qE9yOgBNsARadpZTAb6RH|1|1|3|0|1
"The Plan - From the Motion Picture ""TENET"""|551xyaSJsg8hILXFq9JdST|5|5|3|1|1
Busted and Blue|04zxGiXcmNQ0m9oDXtwo18|2|5|2|2|1
Beauty In The Benz (feat. Snoop Dogg)|0BpYTh0O2ut5wvt0QtDGt4|8|6|5|10|5
The Motion|3t8pnImpBpOwxdtYBpKvA9|7|8|7|11|6
I've Been Waiting (w/ ILoveMakonnen & Fall Out Boy)|2v5JTeM6hSmi5wWy7jiwrI|8|9|6|5|10
Jay Jay|3YxCKq3YPnTekAofhaHABZ|8|7|3|10|6
Go Flex|5yuShbu70mtHXY0yLzCQLQ|7|5|3|5|2
BLESSED|2X5m6irq8boS50Efx4oWew|4|7|1|8|8
Silent Night|1sFWEpf1aPYN576LS1aa4Y|2|4|8|10|3
Mood Ring|1I042sygvOn2C5SybTCuJ1|8|5|4|5|4
Confess|58kwvMXeOlsvzPqUlyj75Y|8|10|5|0|6
Violent Crimes|2VYb3Fb5iK5Y8HGZ8oEEkp|7|5|5|1|1
BENDICIONES|2CoMYp2uIKsT09nreEZnZn|9|6|6|11|9
Easy|3gwoz4xZuye0agjYgrC2je|7|6|6|0|7
Bella|1Ft13La2daEGqz5yWJC7lx|10|5|4|3|9
Bad Reputation (feat. Joe Janiak)|0HZgYFimoJG9Ijy8InUWcV|8|7|3|0|5
Spicy - with Diplo & Charli XCX|7hzjWGFi2HKUGOXp1LiQ3V|9|9|4|8|6
Midnight Summer Jam|1KAhsLqLYiqCZ1G8ljKDtB|9|8|5|10|8
Staring At The Sun (feat. SZA)|2leIuE4fdcJoNMSKu5Yr7a|8|8|4|6|4
What A Man Gotta Do|4wNIkl5XGiAACjFBlDWuSd|9|7|5|9|4
66|6tarvNiKnEjYMj1VZhlDqR|7|8|7|5|3
Promise U That|7EB2UpfRbS4QVjZQlKLi3Z|7|6|6|1|5
Madonna|0DAQryfUiFZdWFo76RYBc8|9|6|5|11|4
SORRY NOT SORRY (feat. Nas, JAY-Z & James Fauntleroy) - Harmonies by The Hive|5OypcrFg58e4k2iYHi69ED|4|6|6|3|4
CHopstix (feat. Travis Scott)|2EGtBS7Ws3ajiSkJLviFJ4|10|6|6|9|7
Why'd You Only Call Me When You're High?|48q0vSHcJdhK3IiXH8C5WJ|7|7|3|2|8
Blinding Lights (with ROSALÍA) - Remix|7MXgrcOQAJ5VwSNUL0lDd3|5|7|8|5|3
No Child Left Behind|3onYsG7nB3FwEVHYYWCrIM|2|4|6|1|1
